date,rank,twitter_extract_period,artist,song,rank_last_week,peak_rank,weeks_on_chart
9/5/20,1,,Cardi B Featuring Megan Thee Stallion,WAP,1,1,2
9/5/20,2,,Drake Featuring Lil Durk,Laugh Now Cry Later,0,2,1
9/5/20,3,,DaBaby Featuring Roddy Ricch,Rockstar,2,1,18
9/5/20,4,,The Weeknd,Blinding Lights,3,1,38
9/5/20,5,,"Jack Harlow Featuring DaBaby, Tory Lanez & Lil Wayne",Whats Poppin,4,2,28
9/5/20,6,,Morgan Wallen,7 Summers,0,6,1
9/5/20,7,,Harry Styles,Watermelon Sugar,5,1,22
9/5/20,8,,SAINt JHN,Roses,6,4,22
9/5/20,9,,Jawsh 685 x Jason Derulo,Savage Love (Laxed - Siren Beat),7,7,10
9/5/20,10,,Gabby Barrett Featuring Charlie Puth,I Hope,11,10,34
9/5/20,11,,Chris Brown & Young Thug,Go Crazy,9,9,15
9/5/20,12,,Lewis Capaldi,Before You Go,10,10,29
9/5/20,13,,Dua Lipa,Break My Heart,13,13,21
9/5/20,14,,Miley Cyrus,Midnight Sky,0,14,1
9/5/20,15,,Harry Styles,Adore You,14,6,37
9/5/20,16,,Post Malone,Circles,15,1,51
9/5/20,17,,Pop Smoke Featuring Lil Baby & DaBaby,For The Night,20,6,7
9/5/20,18,,Juice WRLD x Marshmello,Come & Go,18,2,6
9/5/20,19,,Pop Smoke Featuring Lil Tjay,Mood Swings,17,17,7
9/5/20,20,,Megan Thee Stallion,Savage,16,1,23
9/5/20,21,,DJ Khaled Featuring Drake,Popstar,23,3,5
9/5/20,22,,Rod Wave Featuring ATR Son Son,Rags2Riches,12,12,8
9/5/20,23,,Powfu Featuring beabadoobee,Death Bed,25,23,23
9/5/20,24,,Lil Mosey,Blueberry Faygo,19,8,28
9/5/20,25,,Maddie & Tae,Die From A Broken Heart,22,22,19
9/5/20,26,,24kGoldn Featuring iann dior,Mood,84,26,2
9/5/20,27,,Dua Lipa,Don't Start Now,26,2,42
9/5/20,28,,Pop Smoke Featuring 50 Cent & Roddy Ricch,The Woo,29,11,7
9/5/20,29,,Maren Morris,The Bones,28,12,48
9/5/20,30,,Luke Bryan,One Margarita,21,19,16
9/5/20,31,,Future Featuring Drake,Life Is Good,30,2,32
9/5/20,32,,Juice WRLD,Wishing Well,27,5,6
9/5/20,33,,Taylor Swift,Cardigan,24,1,4
9/5/20,34,,Kane Brown With Swae Lee & Khalid,Be Like That,37,34,6
9/5/20,35,,Juice WRLD & The Weeknd,Smile,8,8,2
9/5/20,36,,Morgan Wallen,Chasin' You,38,16,30
9/5/20,37,,Justin Bieber Featuring Quavo,Intentions,31,5,28
9/5/20,38,,Lil Baby & 42 Dugg,We Paid,32,10,16
9/5/20,39,,Kane Brown,Cool Again,40,39,12
9/5/20,40,,StaySolidRocky,Party Girl,34,21,17
9/5/20,41,,Saweetie,Tap In,44,41,6
9/5/20,42,,Megan Thee Stallion,Girls In The Hood,35,28,8
9/5/20,43,,Doja Cat Featuring Nicki Minaj,Say So,33,1,33
9/5/20,44,,Lady Gaga & Ariana Grande,Rain On Me,36,1,13
9/5/20,45,,Lil Baby,Emotionally Scarred,45,31,25
9/5/20,46,,Jason Aldean,Got What I Got,47,46,12
9/5/20,47,,Roddy Ricch,The Box,42,1,37
9/5/20,48,,JP Saxe Featuring Julia Michaels,If The World Was Ending,48,48,21
9/5/20,49,,Maroon 5,Nobody's Love,41,41,4
9/5/20,50,,Justin Moore,Why We Drink,52,50,12
9/5/20,51,,Lil Baby,The Bigger Picture,46,3,10
9/5/20,52,,Lee Brice,One Of Them Girls,59,52,12
9/5/20,53,,Luke Combs,Lovin' On You,56,53,8
9/5/20,54,,Billie Eilish,My Future,39,6,3
9/5/20,55,,Florida Georgia Line,I Love My Country,53,48,18
9/5/20,56,,Doja Cat Featuring Gucci Mane,Like That,54,51,12
9/5/20,57,,"Thomas Rhett Featuring Reba McEntire, Hillary Scott, Chris Tomlin & Keith Urban",Be A Light,63,57,20
9/5/20,58,,YoungBoy Never Broke Again,Kacey Talk,0,58,1
9/5/20,59,,Moneybagg Yo,Said Sum,57,44,7
9/5/20,60,,DJ Khaled Featuring Drake,Greece,58,8,5
9/5/20,61,,Conan Gray,Heather,0,61,1
9/5/20,62,,Morgan Wallen,More Than My Hometown,67,61,10
9/5/20,63,,Chris Janson,Done,49,41,10
9/5/20,64,,Miranda Lambert,Bluebird,55,26,20
9/5/20,65,,Dan + Shay,I Should Probably Go To Bed,60,43,3
9/5/20,66,,Internet Money & Gunna Featuring Don Toliver & NAV,Lemonade,0,66,1
9/5/20,67,,Taylor Swift,The 1,50,4,4
9/5/20,68,,"J Balvin, Dua Lipa, Bad Bunny & Tainy",Un Dia (One Day),64,63,4
9/5/20,69,,AJR,Bang!,69,69,7
9/5/20,70,,Keith Urban,God Whispered Your Name,66,60,18
9/5/20,71,,Money Man Featuring Lil Baby,24,0,71,1
9/5/20,72,,Drake,Toosie Slide,68,1,20
9/5/20,73,,Topic & A7S,Breaking Me,72,72,4
9/5/20,74,,HARDY Featuring Lauren Alaina & Devin Dawson,One Beer,81,74,11
9/5/20,75,,Rod Wave,Girl Of My Dreams,65,65,14
9/5/20,76,,Ava Max,Kings & Queens,73,73,2
9/5/20,77,,Parker McCollum,Pretty Heart,77,77,6
9/5/20,78,,Tim McGraw,I Called Mama,89,78,3
9/5/20,79,,Gunna Featuring Young Thug,Dollaz On My Head,74,38,11
9/5/20,80,,Ashley McBryde,One Night Standards,76,76,11
9/5/20,81,,surf mesa Featuring Emilee,ily,78,72,13
9/5/20,82,,Taylor Swift Featuring Bon Iver,Exile,61,6,4
9/5/20,83,,Polo G,Martin & Gina,0,61,3
9/5/20,84,,Blake Shelton Featuring Gwen Stefani,Happy Anywhere,87,56,4
9/5/20,85,,Pop Smoke,Got It On Me,75,31,7
9/5/20,86,,Jameson Rodgers,Some Girls,92,86,2
9/5/20,87,,"Black Eyed Peas, Ozuna + J.Rey Soul",Mamacita,70,62,11
9/5/20,88,,Don Toliver,After Party,90,57,17
9/5/20,89,,Lil Durk Featuring Lil Baby & Polo G,3 Headed Goat,94,43,9
9/5/20,90,,Ariana Grande & Justin Bieber,Stuck With U,79,1,15
9/5/20,91,,Juice WRLD,Conversations,83,7,6
9/5/20,92,,Ozuna x Karol G x Myke Towers,Caramelo,0,92,1
9/5/20,93,,Juice WRLD & Marshmello Featuring Polo G & The Kid LAROI,Hate The Other Side,80,10,6
9/5/20,94,,Nio Garcia x Anuel AA x Myke Towers x Brray x Juanka,La Jeepeta,93,93,2
9/5/20,95,,Mulatto,B*tch From da Souf,95,95,2
9/5/20,96,,Juice WRLD,Righteous,91,11,16
9/5/20,97,,Trevor Daniel x Selena Gomez,Past Life,98,77,5
9/5/20,98,,Pop Smoke,Something Special,88,41,7
9/5/20,99,,Polo G,21,0,62,7
9/5/20,100,,Chase Rice,Lonely If You Are,0,100,1
9/12/20,1,,BTS,Dynamite,0,1,1
9/12/20,2,,Cardi B Featuring Megan Thee Stallion,WAP,1,1,3
9/12/20,3,,Drake Featuring Lil Durk,Laugh Now Cry Later,2,2,2
9/12/20,4,,DaBaby Featuring Roddy Ricch,Rockstar,3,1,19
9/12/20,5,,The Weeknd,Blinding Lights,4,1,39
9/12/20,6,,"Jack Harlow Featuring DaBaby, Tory Lanez & Lil Wayne",Whats Poppin,5,2,29
9/12/20,7,,Harry Styles,Watermelon Sugar,7,1,23
9/12/20,8,,SAINt JHN,Roses,8,4,23
9/12/20,9,,Jawsh 685 x Jason Derulo,Savage Love (Laxed - Siren Beat),9,7,11
9/12/20,10,,Lewis Capaldi,Before You Go,12,10,30
9/12/20,11,,Gabby Barrett Featuring Charlie Puth,I Hope,10,10,35
9/12/20,12,,24kGoldn Featuring iann dior,Mood,26,12,3
9/12/20,13,,Chris Brown & Young Thug,Go Crazy,11,9,16
9/12/20,14,,Dua Lipa,Break My Heart,13,13,22
9/12/20,15,,Pop Smoke Featuring Lil Baby & DaBaby,For The Night,17,6,8
9/12/20,16,,Post Malone,Circles,16,1,52
9/12/20,17,,Harry Styles,Adore You,15,6,38
9/12/20,18,,Pop Smoke Featuring Lil Tjay,Mood Swings,19,17,8
9/12/20,19,,Juice WRLD x Marshmello,Come & Go,18,2,7
9/12/20,20,,Megan Thee Stallion,Savage,20,1,24
9/12/20,21,,DJ Khaled Featuring Drake,Popstar,21,3,6
9/12/20,22,,Maddie & Tae,Die From A Broken Heart,25,22,20
9/12/20,23,,Pop Smoke Featuring 50 Cent & Roddy Ricch,The Woo,28,11,8
9/12/20,24,,Powfu Featuring beabadoobee,Death Bed,23,23,24
9/12/20,25,,Maren Morris,The Bones,29,12,49
9/12/20,26,,Kane Brown With Swae Lee & Khalid,Be Like That,34,26,7
9/12/20,27,,Dua Lipa,Don't Start Now,27,2,43
9/12/20,28,,Rod Wave Featuring ATR Son Son,Rags2Riches,22,12,9
9/12/20,29,,Lil Mosey,Blueberry Faygo,24,8,29
9/12/20,30,,Luke Combs,Lovin' On You,53,30,9
9/12/20,31,,Saweetie,Tap In,41,31,7
9/12/20,32,,Juice WRLD,Wishing Well,32,5,7
9/12/20,33,,Jason Aldean,Got What I Got,46,33,13
9/12/20,34,,JP Saxe Featuring Julia Michaels,If The World Was Ending,48,34,22
9/12/20,35,,Future Featuring Drake,Life Is Good,31,2,33
9/12/20,36,,Taylor Swift,Cardigan,33,1,5
9/12/20,37,,Luke Bryan,One Margarita,30,19,17
9/12/20,38,,Morgan Wallen,7 Summers,6,6,2
9/12/20,39,,Kane Brown,Cool Again,39,39,13
9/12/20,40,,Florida Georgia Line,I Love My Country,55,40,19
9/12/20,41,,Miley Cyrus,Midnight Sky,14,14,2
9/12/20,42,,Justin Bieber Featuring Quavo,Intentions,37,5,29
9/12/20,43,,Morgan Wallen,Chasin' You,36,16,31
9/12/20,44,,Lil Baby & 42 Dugg,We Paid,38,10,17
9/12/20,45,,Megan Thee Stallion,Girls In The Hood,42,28,9
9/12/20,46,,Lee Brice,One Of Them Girls,52,46,13
9/12/20,47,,Doja Cat Featuring Nicki Minaj,Say So,43,1,34
9/12/20,48,,Roddy Ricch,The Box,47,1,38
9/12/20,49,,Maroon 5,Nobody's Love,49,41,5
9/12/20,50,,Conan Gray,Heather,61,50,2
9/12/20,51,,"Thomas Rhett Featuring Reba McEntire, Hillary Scott, Chris Tomlin & Keith Urban",Be A Light,57,51,21
9/12/20,52,,Juice WRLD & The Weeknd,Smile,35,8,3
9/12/20,53,,StaySolidRocky,Party Girl,40,21,18
9/12/20,54,,Lil Baby,The Bigger Picture,51,3,11
9/12/20,55,,Lady Gaga & Ariana Grande,Rain On Me,44,1,14
9/12/20,56,,Doja Cat Featuring Gucci Mane,Like That,56,51,13
9/12/20,57,,Billie Eilish,My Future,54,6,4
9/12/20,58,,Moneybagg Yo,Said Sum,59,44,8
9/12/20,59,,Dan + Shay,I Should Probably Go To Bed,65,43,4
9/12/20,60,,Justin Moore,Why We Drink,50,50,13
9/12/20,61,,Tim McGraw,I Called Mama,78,61,4
9/12/20,62,,DJ Khaled Featuring Drake,Greece,60,8,6
9/12/20,63,,Money Man Featuring Lil Baby,24,71,63,2
9/12/20,64,,AJR,Bang!,69,64,8
9/12/20,65,,YoungBoy Never Broke Again,Kacey Talk,58,58,2
9/12/20,66,,Internet Money & Gunna Featuring Don Toliver & NAV,Lemonade,66,66,2
9/12/20,67,,Morgan Wallen,More Than My Hometown,62,61,11
9/12/20,68,,Keith Urban,God Whispered Your Name,70,60,19
9/12/20,69,,Migos Featuring YoungBoy Never Broke Again,Need It,0,62,13
9/12/20,70,,"J Balvin, Dua Lipa, Bad Bunny & Tainy",Un Dia (One Day),68,63,5
9/12/20,71,,Topic & A7S,Breaking Me,73,71,5
9/12/20,72,,HARDY Featuring Lauren Alaina & Devin Dawson,One Beer,74,72,12
9/12/20,73,,Ava Max,Kings & Queens,76,73,3
9/12/20,74,,Travis Scott,The Plan,0,74,1
9/12/20,75,,Parker McCollum,Pretty Heart,77,75,7
9/12/20,76,,Chris Janson,Done,63,41,11
9/12/20,77,,Blake Shelton Featuring Gwen Stefani,Happy Anywhere,84,56,5
9/12/20,78,,Jameson Rodgers,Some Girls,86,78,3
9/12/20,79,,Maluma & The Weeknd,Hawai,0,79,1
9/12/20,80,,Ashley McBryde,One Night Standards,80,76,12
9/12/20,81,,Ozuna x Karol G x Myke Towers,Caramelo,92,81,2
9/12/20,82,,surf mesa Featuring Emilee,ily,81,72,14
9/12/20,83,,Polo G,Martin & Gina,83,61,4
9/12/20,84,,Gunna Featuring Young Thug,Dollaz On My Head,79,38,12
9/12/20,85,,Taylor Swift,The 1,67,4,5
9/12/20,86,,Machine Gun Kelly X blackbear,My Ex's Best Friend,0,82,2
9/12/20,87,,Rod Wave,Girl Of My Dreams,75,65,15
9/12/20,88,,Don Toliver,After Party,88,57,18
9/12/20,89,,Ariana Grande & Justin Bieber,Stuck With U,90,1,16
9/12/20,90,,YoungBoy Never Broke Again,All In,0,90,1
9/12/20,91,,Pop Smoke,Got It On Me,85,31,8
9/12/20,92,,Lil Durk Featuring Lil Baby & Polo G,3 Headed Goat,89,43,10
9/12/20,93,,Nio Garcia x Anuel AA x Myke Towers x Brray x Juanka,La Jeepeta,94,93,3
9/12/20,94,,Chase Rice,Lonely If You Are,100,94,2
9/12/20,95,,Tate McRae,You Broke Me First.,0,95,1
9/12/20,96,,Nas Featuring Fivio Foreign & A$AP Ferg,Spicy,0,96,1
9/12/20,97,,Juice WRLD & Marshmello Featuring Polo G & The Kid LAROI,Hate The Other Side,93,10,7
9/12/20,98,,Taylor Swift Featuring Bon Iver,Exile,82,6,5
9/12/20,99,,Mulatto,B*tch From da Souf,95,95,3
9/12/20,100,,Polo G,21,99,62,8
9/19/20,1,,BTS,Dynamite,1,1,2
9/19/20,2,,Cardi B Featuring Megan Thee Stallion,WAP,2,1,4
9/19/20,3,,Drake Featuring Lil Durk,Laugh Now Cry Later,3,2,3
9/19/20,4,,DaBaby Featuring Roddy Ricch,Rockstar,4,1,20
9/19/20,5,,The Weeknd,Blinding Lights,5,1,40
9/19/20,6,,Harry Styles,Watermelon Sugar,7,1,24
9/19/20,7,,"Jack Harlow Featuring DaBaby, Tory Lanez & Lil Wayne",Whats Poppin,6,2,30
9/19/20,8,,24kGoldn Featuring iann dior,Mood,12,8,4
9/19/20,9,,Jawsh 685 x Jason Derulo,Savage Love (Laxed - Siren Beat),9,7,12
9/19/20,10,,Lewis Capaldi,Before You Go,10,10,31
9/19/20,11,,SAINt JHN,Roses,8,4,24
9/19/20,12,,Gabby Barrett Featuring Charlie Puth,I Hope,11,10,36
9/19/20,13,,BLACKPINK X Selena Gomez,Ice Cream,0,13,1
9/19/20,14,,Chris Brown & Young Thug,Go Crazy,13,9,17
9/19/20,15,,Post Malone,Circles,16,1,53
9/19/20,16,,Dua Lipa,Break My Heart,14,13,23
9/19/20,17,,Pop Smoke Featuring Lil Baby & DaBaby,For The Night,15,6,9
9/19/20,18,,Harry Styles,Adore You,17,6,39
9/19/20,19,,Juice WRLD x Marshmello,Come & Go,19,2,8
9/19/20,20,,Pop Smoke Featuring Lil Tjay,Mood Swings,18,17,9
9/19/20,21,,Saweetie,Tap In,31,21,8
9/19/20,22,,Kane Brown With Swae Lee & Khalid,Be Like That,26,22,8
9/19/20,23,,Dua Lipa,Don't Start Now,27,2,44
9/19/20,24,,DJ Khaled Featuring Drake,Popstar,21,3,7
9/19/20,25,,Maddie & Tae,Die From A Broken Heart,22,22,21
9/19/20,26,,Luke Combs,Lovin' On You,30,26,10
9/19/20,27,,JP Saxe Featuring Julia Michaels,If The World Was Ending,34,27,23
9/19/20,28,,Maren Morris,The Bones,25,12,50
9/19/20,29,,Pop Smoke Featuring 50 Cent & Roddy Ricch,The Woo,23,11,9
9/19/20,30,,Megan Thee Stallion,Savage,20,1,25
9/19/20,31,,Jason Aldean,Got What I Got,33,31,14
9/19/20,32,,Rod Wave Featuring ATR Son Son,Rags2Riches,28,12,10
9/19/20,33,,Lee Brice,One Of Them Girls,46,33,14
9/19/20,34,,Lady Gaga & Ariana Grande,Rain On Me,55,1,15
9/19/20,35,,Lil Mosey,Blueberry Faygo,29,8,30
9/19/20,36,,Powfu Featuring beabadoobee,Death Bed,24,23,25
9/19/20,37,,Miley Cyrus,Midnight Sky,41,14,3
9/19/20,38,,Calvin Harris X The Weeknd,Over Now,0,38,1
9/19/20,39,,Future Featuring Drake,Life Is Good,35,2,34
9/19/20,40,,Juice WRLD,Wishing Well,32,5,8
9/19/20,41,,Kane Brown,Cool Again,39,39,14
9/19/20,42,,"Thomas Rhett Featuring Reba McEntire, Hillary Scott, Chris Tomlin & Keith Urban",Be A Light,51,42,22
9/19/20,43,,Luke Bryan,One Margarita,37,19,18
9/19/20,44,,Megan Thee Stallion,Girls In The Hood,45,28,10
9/19/20,45,,Taylor Swift,Cardigan,36,1,6
9/19/20,46,,Doja Cat Featuring Nicki Minaj,Say So,47,1,35
9/19/20,47,,Morgan Wallen,Chasin' You,43,16,32
9/19/20,48,,Maroon 5,Nobody's Love,49,41,6
9/19/20,49,,Justin Bieber Featuring Quavo,Intentions,42,5,30
9/19/20,50,,Lil Baby & 42 Dugg,We Paid,44,10,18
9/19/20,51,,Conan Gray,Heather,50,50,3
9/19/20,52,,Lil Baby,The Bigger Picture,54,3,12
9/19/20,53,,Doja Cat Featuring Gucci Mane,Like That,56,51,14
9/19/20,54,,Internet Money & Gunna Featuring Don Toliver & NAV,Lemonade,66,54,3
9/19/20,55,,StaySolidRocky,Party Girl,53,21,19
9/19/20,56,,Morgan Wallen,7 Summers,38,6,3
9/19/20,57,,Chris Stapleton,Starting Over,0,57,1
9/19/20,58,,AJR,Bang!,64,58,9
9/19/20,59,,Juice WRLD & The Weeknd,Smile,52,8,4
9/19/20,60,,Maluma & The Weeknd,Hawai,79,60,2
9/19/20,61,,Dan + Shay,I Should Probably Go To Bed,59,43,5
9/19/20,62,,Florida Georgia Line,I Love My Country,40,40,20
9/19/20,63,,Morgan Wallen,More Than My Hometown,67,61,12
9/19/20,64,,Moneybagg Yo,Said Sum,58,44,9
9/19/20,65,,DJ Khaled Featuring Drake,Greece,62,8,7
9/19/20,66,,Keith Urban,God Whispered Your Name,68,60,20
9/19/20,67,,Money Man Featuring Lil Baby,24,63,63,3
9/19/20,68,,Machine Gun Kelly X blackbear,My Ex's Best Friend,86,68,3
9/19/20,69,,"J Balvin, Dua Lipa, Bad Bunny & Tainy",Un Dia (One Day),70,63,6
9/19/20,70,,surf mesa Featuring Emilee,ily,82,70,15
9/19/20,71,,Topic & A7S,Breaking Me,71,71,6
9/19/20,72,,HARDY Featuring Lauren Alaina & Devin Dawson,One Beer,72,72,13
9/19/20,73,,YoungBoy Never Broke Again,Kacey Talk,65,58,3
9/19/20,74,,Jameson Rodgers,Some Girls,78,74,4
9/19/20,75,,Ava Max,Kings & Queens,73,73,4
9/19/20,76,,Justin Moore,Why We Drink,60,50,14
9/19/20,77,,Ashley McBryde,One Night Standards,80,76,13
9/19/20,78,,Billie Eilish,My Future,57,6,5
9/19/20,79,,Internet Money Featuring Juice WRLD & Trippie Redd,Blastoff,0,79,1
9/19/20,80,,Parker McCollum,Pretty Heart,75,75,8
9/19/20,81,,Blake Shelton Featuring Gwen Stefani,Happy Anywhere,77,56,6
9/19/20,82,,Tim McGraw,I Called Mama,61,61,5
9/19/20,83,,Ty Dolla $ign Featuring Nicki Minaj,Expensive,0,83,1
9/19/20,84,,Ozuna x Karol G x Myke Towers,Caramelo,81,81,3
9/19/20,85,,Polo G,Martin & Gina,83,61,5
9/19/20,86,,Gunna Featuring Young Thug,Dollaz On My Head,84,38,13
9/19/20,87,,Tate McRae,You Broke Me First.,95,87,2
9/19/20,88,,Migos Featuring YoungBoy Never Broke Again,Need It,69,62,14
9/19/20,89,,Don Toliver,After Party,88,57,19
9/19/20,90,,WhoHeem,Lets Link,0,90,1
9/19/20,91,,Ariana Grande & Justin Bieber,Stuck With U,89,1,17
9/19/20,92,,Taylor Swift,The 1,85,4,6
9/19/20,93,,Chase Rice,Lonely If You Are,94,93,3
9/19/20,94,,Chris Janson,Done,76,41,12
9/19/20,95,,Nio Garcia x Anuel AA x Myke Towers x Brray x Juanka,La Jeepeta,93,93,4
9/19/20,96,,Lil Durk Featuring Lil Baby & Polo G,3 Headed Goat,92,43,11
9/19/20,97,,YoungBoy Never Broke Again,All In,90,90,2
9/19/20,98,,Pop Smoke,Got It On Me,91,31,9
9/19/20,99,,Jon Pardi,Ain't Always The Cowboy,0,99,1
9/19/20,100,,Rod Wave,Girl Of My Dreams,87,65,16
9/26/20,1,,Cardi B Featuring Megan Thee Stallion,WAP,2,1,5
9/26/20,2,,BTS,Dynamite,1,1,3
9/26/20,3,,Drake Featuring Lil Durk,Laugh Now Cry Later,3,2,4
9/26/20,4,,DaBaby Featuring Roddy Ricch,Rockstar,4,1,21
9/26/20,5,,The Weeknd,Blinding Lights,5,1,41
9/26/20,6,,24kGoldn Featuring iann dior,Mood,8,6,5
9/26/20,7,,Harry Styles,Watermelon Sugar,6,1,25
9/26/20,8,,"Jack Harlow Featuring DaBaby, Tory Lanez & Lil Wayne",Whats Poppin,7,2,31
9/26/20,9,,Jawsh 685 x Jason Derulo,Savage Love (Laxed - Siren Beat),9,7,13
9/26/20,10,,DJ Khaled Featuring Drake,Popstar,24,3,8
9/26/20,11,,Lewis Capaldi,Before You Go,10,10,32
9/26/20,12,,Gabby Barrett Featuring Charlie Puth,I Hope,12,10,37
9/26/20,13,,SAINt JHN,Roses,11,4,25
9/26/20,14,,Chris Brown & Young Thug,Go Crazy,14,9,18
9/26/20,15,,Pop Smoke Featuring Lil Baby & DaBaby,For The Night,17,6,10
9/26/20,16,,Post Malone,Circles,15,1,54
9/26/20,17,,Dua Lipa,Break My Heart,16,13,24
9/26/20,18,,Harry Styles,Adore You,18,6,40
9/26/20,19,,Juice WRLD x Marshmello,Come & Go,19,2,9
9/26/20,20,,Saweetie,Tap In,21,20,9
9/26/20,21,,Pop Smoke Featuring Lil Tjay,Mood Swings,20,17,10
9/26/20,22,,Lee Brice,One Of Them Girls,33,22,15
9/26/20,23,,Luke Combs,Lovin' On You,26,23,11
9/26/20,24,,Kane Brown With Swae Lee & Khalid,Be Like That,22,22,9
9/26/20,25,,Dua Lipa,Don't Start Now,23,2,45
9/26/20,26,,Jason Aldean,Got What I Got,31,26,15
9/26/20,27,,Pop Smoke Featuring 50 Cent & Roddy Ricch,The Woo,29,11,10
9/26/20,28,,Maren Morris,The Bones,28,12,51
9/26/20,29,,SZA Featuring Ty Dolla $ign,Hit Different,0,29,1
9/26/20,30,,JP Saxe Featuring Julia Michaels,If The World Was Ending,27,27,24
9/26/20,31,,Maddie & Tae,Die From A Broken Heart,25,22,22
9/26/20,32,,Megan Thee Stallion,Savage,30,1,26
9/26/20,33,,Future Featuring Drake,Life Is Good,39,2,35
9/26/20,34,,Miley Cyrus,Midnight Sky,37,14,4
9/26/20,35,,Rod Wave Featuring ATR Son Son,Rags2Riches,32,12,11
9/26/20,36,,Kane Brown,Cool Again,41,36,15
9/26/20,37,,Lady Gaga & Ariana Grande,Rain On Me,34,1,16
9/26/20,38,,Internet Money & Gunna Featuring Don Toliver & NAV,Lemonade,54,38,4
9/26/20,39,,Powfu Featuring beabadoobee,Death Bed,36,23,26
9/26/20,40,,Doja Cat Featuring Nicki Minaj,Say So,46,1,36
9/26/20,41,,Lil Mosey,Blueberry Faygo,35,8,31
9/26/20,42,,Morgan Wallen,Chasin' You,47,16,33
9/26/20,43,,Juice WRLD,Wishing Well,40,5,9
9/26/20,44,,Maroon 5,Nobody's Love,48,41,7
9/26/20,45,,Megan Thee Stallion,Girls In The Hood,44,28,11
9/26/20,46,,Conan Gray,Heather,51,46,4
9/26/20,47,,Lil Baby & 42 Dugg,We Paid,50,10,19
9/26/20,48,,Justin Bieber Featuring Quavo,Intentions,49,5,31
9/26/20,49,,BLACKPINK X Selena Gomez,Ice Cream,13,13,2
9/26/20,50,,Doja Cat Featuring Gucci Mane,Like That,53,50,15
9/26/20,51,,AJR,Bang!,58,51,10
9/26/20,52,,Taylor Swift,Cardigan,45,1,7
9/26/20,53,,Morgan Wallen,More Than My Hometown,63,53,13
9/26/20,54,,Dan + Shay,I Should Probably Go To Bed,61,43,6
9/26/20,55,,Maluma & The Weeknd,Hawai,60,55,3
9/26/20,56,,Luke Bryan,One Margarita,43,19,19
9/26/20,57,,HARDY Featuring Lauren Alaina & Devin Dawson,One Beer,72,57,14
9/26/20,58,,Lil Baby,The Bigger Picture,52,3,13
9/26/20,59,,surf mesa Featuring Emilee,ily,70,59,16
9/26/20,60,,Topic & A7S,Breaking Me,71,60,7
9/26/20,61,,StaySolidRocky,Party Girl,55,21,20
9/26/20,62,,Lil Durk,The Voice,0,62,1
9/26/20,63,,Chloe X Halle,Do It,0,63,4
9/26/20,64,,"Sech, Daddy Yankee & J Balvin Featuring ROSALIA & Farruko",Relacion,0,64,1
9/26/20,65,,Big Sean Featuring Post Malone,Wolves,0,65,1
9/26/20,66,,Ava Max,Kings & Queens,75,66,5
9/26/20,67,,DJ Khaled Featuring Drake,Greece,65,8,8
9/26/20,68,,Machine Gun Kelly X blackbear,My Ex's Best Friend,68,68,4
9/26/20,69,,Big Sean Featuring Travis Scott,Lithuania,0,69,1
9/26/20,70,,Jameson Rodgers,Some Girls,74,70,5
9/26/20,71,,Moneybagg Yo,Said Sum,64,44,10
9/26/20,72,,Morgan Wallen,7 Summers,56,6,4
9/26/20,73,,Money Man Featuring Lil Baby,24,67,63,4
9/26/20,74,,Juice WRLD & The Weeknd,Smile,59,8,5
9/26/20,75,,"J Balvin, Dua Lipa, Bad Bunny & Tainy",Un Dia (One Day),69,63,7
9/26/20,76,,Ozuna x Karol G x Myke Towers,Caramelo,84,76,4
9/26/20,77,,Blake Shelton Featuring Gwen Stefani,Happy Anywhere,81,56,7
9/26/20,78,,Calvin Harris X The Weeknd,Over Now,38,38,2
9/26/20,79,,Parker McCollum,Pretty Heart,80,75,9
9/26/20,80,,Tim McGraw,I Called Mama,82,61,6
9/26/20,81,,Polo G,Martin & Gina,85,61,6
9/26/20,82,,Big Sean Featuring Nipsey Hussle,Deep Reverence,0,82,1
9/26/20,83,,Chris Stapleton,Starting Over,57,57,2
9/26/20,84,,Ashley McBryde,One Night Standards,77,76,14
9/26/20,85,,Tate McRae,You Broke Me First.,87,85,3
9/26/20,86,,WhoHeem,Lets Link,90,86,2
9/26/20,87,,YoungBoy Never Broke Again,Kacey Talk,73,58,4
9/26/20,88,,Gunna Featuring Young Thug,Dollaz On My Head,86,38,14
9/26/20,89,,Jon Pardi,Ain't Always The Cowboy,99,89,2
9/26/20,90,,Billie Eilish,My Future,78,6,6
9/26/20,91,,Russell Dickerson,Love You Like I Used To,0,91,1
9/26/20,92,,Chase Rice,Lonely If You Are,93,92,4
9/26/20,93,,Justin Moore,Why We Drink,76,50,15
9/26/20,94,,Don Toliver,After Party,89,57,20
9/26/20,95,,Big Sean Featuring Ty Dolla $ign & Jhene Aiko,Body Language,0,95,1
9/26/20,96,,Matt Stell,Everywhere But On,0,96,1
9/26/20,97,,Big Sean,Why Would I Stop?,0,97,1
9/26/20,98,,Nio Garcia x Anuel AA x Myke Towers x Brray x Juanka,La Jeepeta,95,93,5
9/26/20,99,,Migos Featuring YoungBoy Never Broke Again,Need It,88,62,15
9/26/20,100,,Ariana Grande & Justin Bieber,Stuck With U,91,1,18
10/3/20,1,,Cardi B Featuring Megan Thee Stallion,WAP,1,1,6
10/3/20,2,,BTS,Dynamite,2,1,4
10/3/20,3,,Drake Featuring Lil Durk,Laugh Now Cry Later,3,2,5
10/3/20,4,,DaBaby Featuring Roddy Ricch,Rockstar,4,1,22
10/3/20,5,,The Weeknd,Blinding Lights,5,1,42
10/3/20,6,,24kGoldn Featuring iann dior,Mood,6,6,6
10/3/20,7,,Harry Styles,Watermelon Sugar,7,1,26
10/3/20,8,,Jawsh 685 x Jason Derulo,Savage Love (Laxed - Siren Beat),9,7,14
10/3/20,9,,Lewis Capaldi,Before You Go,11,9,33
10/3/20,10,,"Jack Harlow Featuring DaBaby, Tory Lanez & Lil Wayne",Whats Poppin,8,2,32
10/3/20,11,,Gabby Barrett Featuring Charlie Puth,I Hope,12,10,38
10/3/20,12,,DJ Khaled Featuring Drake,Popstar,10,3,9
10/3/20,13,,Chris Brown & Young Thug,Go Crazy,14,9,19
10/3/20,14,,SAINt JHN,Roses,13,4,26
10/3/20,15,,Pop Smoke Featuring Lil Baby & DaBaby,For The Night,15,6,11
10/3/20,16,,Post Malone,Circles,16,1,55
10/3/20,17,,Juice WRLD x Marshmello,Come & Go,19,2,10
10/3/20,18,,Harry Styles,Adore You,18,6,41
10/3/20,19,,Lee Brice,One Of Them Girls,22,19,16
10/3/20,20,,Dua Lipa,Break My Heart,17,13,25
10/3/20,21,,Jason Aldean,Got What I Got,26,21,16
10/3/20,22,,Internet Money & Gunna Featuring Don Toliver & NAV,Lemonade,38,22,5
10/3/20,23,,Luke Combs,Lovin' On You,23,23,12
10/3/20,24,,Saweetie,Tap In,20,20,10
10/3/20,25,,Kane Brown With Swae Lee & Khalid,Be Like That,24,22,10
10/3/20,26,,Pop Smoke Featuring Lil Tjay,Mood Swings,21,17,11
10/3/20,27,,Pop Smoke Featuring 50 Cent & Roddy Ricch,The Woo,27,11,11
10/3/20,28,,Dua Lipa,Don't Start Now,25,2,46
10/3/20,29,,Maren Morris,The Bones,28,12,52
10/3/20,30,,JP Saxe Featuring Julia Michaels,If The World Was Ending,30,27,25
10/3/20,31,,Kane Brown,Cool Again,36,31,16
10/3/20,32,,Rod Wave Featuring ATR Son Son,Rags2Riches,35,12,12
10/3/20,33,,Future Featuring Drake,Life Is Good,33,2,36
10/3/20,34,,Miley Cyrus,Midnight Sky,34,14,5
10/3/20,35,,YoungBoy Never Broke Again Featuring Lil Wayne,My Window,0,35,1
10/3/20,36,,Marshmello & Demi Lovato,OK Not To Be OK,0,36,1
10/3/20,37,,Lady Gaga & Ariana Grande,Rain On Me,37,1,17
10/3/20,38,,Maddie & Tae,Die From A Broken Heart,31,22,23
10/3/20,39,,Morgan Wallen,More Than My Hometown,53,39,14
10/3/20,40,,Megan Thee Stallion,Savage,32,1,27
10/3/20,41,,AJR,Bang!,51,41,11
10/3/20,42,,Juice WRLD,Wishing Well,43,5,10
10/3/20,43,,Morgan Wallen,Chasin' You,42,16,34
10/3/20,44,,YoungBoy Never Broke Again,Drug Addiction,0,44,1
10/3/20,45,,Dan + Shay,I Should Probably Go To Bed,54,43,7
10/3/20,46,,Lil Baby & 42 Dugg,We Paid,47,10,20
10/3/20,47,,Lil Mosey,Blueberry Faygo,41,8,32
10/3/20,48,,Doja Cat Featuring Nicki Minaj,Say So,40,1,37
10/3/20,49,,surf mesa Featuring Emilee,ily,59,49,17
10/3/20,50,,YoungBoy Never Broke Again,Kacey Talk,87,50,5
10/3/20,51,,Conan Gray,Heather,46,46,5
10/3/20,52,,Taylor Swift,Cardigan,52,1,8
10/3/20,53,,Megan Thee Stallion,Girls In The Hood,45,28,12
10/3/20,54,,Doja Cat Featuring Gucci Mane,Like That,50,50,16
10/3/20,55,,Topic & A7S,Breaking Me,60,55,8
10/3/20,56,,HARDY Featuring Lauren Alaina & Devin Dawson,One Beer,57,56,15
10/3/20,57,,Ava Max,Kings & Queens,66,57,6
10/3/20,58,,Maluma & The Weeknd,Hawai,55,55,4
10/3/20,59,,Luke Bryan,One Margarita,56,19,20
10/3/20,60,,Moneybagg Yo,Said Sum,71,44,11
10/3/20,61,,BLACKPINK X Selena Gomez,Ice Cream,49,13,3
10/3/20,62,,Jameson Rodgers,Some Girls,70,62,6
10/3/20,63,,Maroon 5,Nobody's Love,44,41,8
10/3/20,64,,Morgan Wallen,7 Summers,72,6,5
10/3/20,65,,Andrew Jannakos,Gone Too Soon,0,65,1
10/3/20,66,,Blake Shelton Featuring Gwen Stefani,Happy Anywhere,77,56,8
10/3/20,67,,YoungBoy Never Broke Again,All In,0,67,3
10/3/20,68,,Money Man Featuring Lil Baby,24,73,63,5
10/3/20,69,,Tate McRae,You Broke Me First.,85,69,4
10/3/20,70,,Machine Gun Kelly X blackbear,My Ex's Best Friend,68,68,5
10/3/20,71,,Lil Baby,The Bigger Picture,58,3,14
10/3/20,72,,YoungBoy Never Broke Again,Dead Trollz,0,72,1
10/3/20,73,,Parker McCollum,Pretty Heart,79,73,10
10/3/20,74,,DJ Khaled Featuring Drake,Greece,67,8,9
10/3/20,75,,"Sech, Daddy Yankee & J Balvin Featuring ROSALIA & Farruko",Relacion,64,64,2
10/3/20,76,,YoungBoy Never Broke Again,Cross Roads,0,76,1
10/3/20,77,,SZA Featuring Ty Dolla $ign,Hit Different,29,29,2
10/3/20,78,,Tim McGraw,I Called Mama,80,61,7
10/3/20,79,,Juice WRLD & The Weeknd,Smile,74,8,6
10/3/20,80,,"J Balvin, Dua Lipa, Bad Bunny & Tainy",Un Dia (One Day),75,63,8
10/3/20,81,,YoungBoy Never Broke Again,The Last Backyard...,0,81,1
10/3/20,82,,Calvin Harris X The Weeknd,Over Now,78,38,3
10/3/20,83,,Pop Smoke,What You Know Bout Love,0,52,2
10/3/20,84,,Polo G,Martin & Gina,81,61,7
10/3/20,85,,Ozuna x Karol G x Myke Towers,Caramelo,76,76,5
10/3/20,86,,Chloe X Halle,Do It,63,63,5
10/3/20,87,,Russell Dickerson,Love You Like I Used To,91,87,2
10/3/20,88,,YoungBoy Never Broke Again,Right Foot Creep,0,88,1
10/3/20,89,,Chris Stapleton,Starting Over,83,57,3
10/3/20,90,,Ashley McBryde,One Night Standards,84,76,15
10/3/20,91,,Chase Rice,Lonely If You Are,92,91,5
10/3/20,92,,Gunna Featuring Young Thug,Dollaz On My Head,88,38,15
10/3/20,93,,Jon Pardi,Ain't Always The Cowboy,89,89,3
10/3/20,94,,Matt Stell,Everywhere But On,96,94,2
10/3/20,95,,VEDO,You Got It,0,95,1
10/3/20,96,,WhoHeem,Lets Link,86,86,3
10/3/20,97,,Lil Durk Featuring Lil Baby & Polo G,3 Headed Goat,0,43,12
10/3/20,98,,YoungBoy Never Broke Again,Dirty Stick,0,98,1
10/3/20,99,,Nio Garcia x Anuel AA x Myke Towers x Brray x Juanka,La Jeepeta,98,93,6
10/3/20,100,,Pop Smoke,Got It On Me,0,31,10
10/10/20,1,10/3-10/9,BTS,Dynamite,2,1,5
10/10/20,2,10/3-10/9,Cardi B Featuring Megan Thee Stallion,WAP,1,1,7
10/10/20,3,10/3-10/9,Justin Bieber Featuring Chance The Rapper,Holy,0,3,1
10/10/20,4,10/3-10/9,Drake Featuring Lil Durk,Laugh Now Cry Later,3,2,6
10/10/20,5,10/3-10/9,24kGoldn Featuring iann dior,Mood,6,5,7
10/10/20,6,10/3-10/9,DaBaby Featuring Roddy Ricch,Rockstar,4,1,23
10/10/20,7,10/3-10/9,The Weeknd,Blinding Lights,5,1,43
10/10/20,8,10/3-10/9,Harry Styles,Watermelon Sugar,7,1,27
10/10/20,9,10/3-10/9,Jawsh 685 x Jason Derulo,Savage Love (Laxed - Siren Beat),8,7,15
10/10/20,10,10/3-10/9,Gabby Barrett Featuring Charlie Puth,I Hope,11,10,39
10/10/20,11,10/3-10/9,Lewis Capaldi,Before You Go,9,9,34
10/10/20,12,10/3-10/9,"Jack Harlow Featuring DaBaby, Tory Lanez & Lil Wayne",Whats Poppin,10,2,33
10/10/20,13,10/3-10/9,Chris Brown & Young Thug,Go Crazy,13,9,20
10/10/20,14,10/3-10/9,DJ Khaled Featuring Drake,Popstar,12,3,10
10/10/20,15,10/3-10/9,Pop Smoke Featuring Lil Baby & DaBaby,For The Night,15,6,12
10/10/20,16,10/3-10/9,Internet Money & Gunna Featuring Don Toliver & NAV,Lemonade,22,16,6
10/10/20,17,10/3-10/9,Post Malone,Circles,16,1,56
10/10/20,18,10/3-10/9,SAINt JHN,Roses,14,4,27
10/10/20,19,10/3-10/9,Juice WRLD x Marshmello,Come & Go,17,2,11
10/10/20,20,10/3-10/9,Pop Smoke Featuring Lil Tjay,Mood Swings,26,17,12
10/10/20,21,10/3-10/9,Jason Aldean,Got What I Got,21,21,17
10/10/20,22,10/3-10/9,Lee Brice,One Of Them Girls,19,19,17
10/10/20,23,10/3-10/9,Harry Styles,Adore You,18,6,42
10/10/20,24,10/3-10/9,Moneybagg Yo,Said Sum,60,24,12
10/10/20,25,10/3-10/9,Dua Lipa,Break My Heart,20,13,26
10/10/20,26,10/3-10/9,Luke Combs,Lovin' On You,23,23,13
10/10/20,27,10/3-10/9,Kane Brown With Swae Lee & Khalid,Be Like That,25,22,11
10/10/20,28,10/3-10/9,Saweetie,Tap In,24,20,11
10/10/20,29,10/3-10/9,Kane Brown,Cool Again,31,29,17
10/10/20,30,10/3-10/9,Pop Smoke Featuring 50 Cent & Roddy Ricch,The Woo,27,11,12
10/10/20,31,10/3-10/9,JP Saxe Featuring Julia Michaels,If The World Was Ending,30,27,26
10/10/20,32,10/3-10/9,Dua Lipa,Don't Start Now,28,2,47
10/10/20,33,10/3-10/9,AJR,Bang!,41,33,12
10/10/20,34,10/3-10/9,Morgan Wallen,More Than My Hometown,39,34,15
10/10/20,35,10/3-10/9,Rod Wave Featuring ATR Son Son,Rags2Riches,32,12,13
10/10/20,36,10/3-10/9,Future Featuring Drake,Life Is Good,33,2,37
10/10/20,37,10/3-10/9,surf mesa Featuring Emilee,ily,49,37,18
10/10/20,38,10/3-10/9,Ava Max,Kings & Queens,57,38,7
10/10/20,39,10/3-10/9,Miley Cyrus,Midnight Sky,34,14,6
10/10/20,40,10/3-10/9,Morgan Wallen,Chasin' You,43,16,35
10/10/20,41,10/3-10/9,Lady Gaga & Ariana Grande,Rain On Me,37,1,18
10/10/20,42,10/3-10/9,Dan + Shay,I Should Probably Go To Bed,45,42,8
10/10/20,43,10/3-10/9,Jameson Rodgers,Some Girls,62,43,7
10/10/20,44,10/3-10/9,Maddie & Tae,Die From A Broken Heart,38,22,24
10/10/20,45,10/3-10/9,Juice WRLD,Wishing Well,42,5,11
10/10/20,46,10/3-10/9,Lil Baby & 42 Dugg,We Paid,46,10,21
10/10/20,47,10/3-10/9,Doja Cat Featuring Nicki Minaj,Say So,48,1,38
10/10/20,48,10/3-10/9,Megan Thee Stallion,Savage,40,1,28
10/10/20,49,10/3-10/9,Taylor Swift,Cardigan,52,1,9
10/10/20,50,10/3-10/9,Lil Mosey,Blueberry Faygo,47,8,33
10/10/20,51,10/3-10/9,Sam Smith,Diamonds,0,51,1
10/10/20,52,10/3-10/9,HARDY Featuring Lauren Alaina & Devin Dawson,One Beer,56,52,16
10/10/20,53,10/3-10/9,Topic & A7S,Breaking Me,55,53,9
10/10/20,54,10/3-10/9,Conan Gray,Heather,51,46,6
10/10/20,55,10/3-10/9,Maluma & The Weeknd,Hawai,58,55,5
10/10/20,56,10/3-10/9,Pop Smoke,What You Know Bout Love,83,52,3
10/10/20,57,10/3-10/9,Blake Shelton Featuring Gwen Stefani,Happy Anywhere,66,56,9
10/10/20,58,10/3-10/9,Machine Gun Kelly X blackbear,My Ex's Best Friend,70,58,6
10/10/20,59,10/3-10/9,Morgan Wallen,7 Summers,64,6,6
10/10/20,60,10/3-10/9,Money Man Featuring Lil Baby,24,68,60,6
10/10/20,61,10/3-10/9,Parker McCollum,Pretty Heart,73,61,11
10/10/20,62,10/3-10/9,Keith Urban Duet With P!nk,One Too Many,0,62,1
10/10/20,63,10/3-10/9,Tate McRae,You Broke Me First.,69,63,5
10/10/20,64,10/3-10/9,Doja Cat Featuring Gucci Mane,Like That,54,50,17
10/10/20,65,10/3-10/9,DJ Khaled Featuring Drake,Greece,74,8,10
10/10/20,66,10/3-10/9,BLACKPINK X Selena Gomez,Ice Cream,61,13,4
10/10/20,67,10/3-10/9,Tim McGraw,I Called Mama,78,61,8
10/10/20,68,10/3-10/9,Megan Thee Stallion,Girls In The Hood,53,28,13
10/10/20,69,10/3-10/9,Lil Baby,The Bigger Picture,71,3,15
10/10/20,70,10/3-10/9,Luke Combs Featuring Amanda Shires,Without You,0,70,1
10/10/20,71,10/3-10/9,"J Balvin, Dua Lipa, Bad Bunny & Tainy",Un Dia (One Day),80,63,9
10/10/20,72,10/3-10/9,YoungBoy Never Broke Again,Kacey Talk,50,50,6
10/10/20,73,10/3-10/9,Chris Stapleton,Starting Over,89,57,4
10/10/20,74,10/3-10/9,Polo G,Martin & Gina,84,61,8
10/10/20,75,10/3-10/9,Marshmello & Demi Lovato,OK Not To Be OK,36,36,2
10/10/20,76,10/3-10/9,"Sech, Daddy Yankee & J Balvin Featuring ROSALIA & Farruko",Relacion,75,64,3
10/10/20,77,10/3-10/9,Russell Dickerson,Love You Like I Used To,87,77,3
10/10/20,78,10/3-10/9,Juice WRLD & The Weeknd,Smile,79,8,7
10/10/20,79,10/3-10/9,Jon Pardi,Ain't Always The Cowboy,93,79,4
10/10/20,80,10/3-10/9,Lil Tecca & Lil Uzi Vert,Dolly,0,80,1
10/10/20,81,10/3-10/9,SZA Featuring Ty Dolla $ign,Hit Different,77,29,3
10/10/20,82,10/3-10/9,Maroon 5,Nobody's Love,63,41,9
10/10/20,83,10/3-10/9,Matt Stell,Everywhere But On,94,83,3
10/10/20,84,10/3-10/9,Ozuna x Karol G x Myke Towers,Caramelo,85,76,6
10/10/20,85,10/3-10/9,Chloe X Halle,Do It,86,63,6
10/10/20,86,10/3-10/9,Calvin Harris X The Weeknd,Over Now,82,38,4
10/10/20,87,10/3-10/9,Gunna Featuring Young Thug,Dollaz On My Head,92,38,16
10/10/20,88,10/3-10/9,VEDO,You Got It,95,88,2
10/10/20,89,10/3-10/9,YoungBoy Never Broke Again Featuring Lil Wayne,My Window,35,35,2
10/10/20,90,10/3-10/9,Lil Tecca & Polo G Featuring Lil Durk,When You Down,0,90,1
10/10/20,91,10/3-10/9,Anitta Featuring Cardi B & Myke Towers,Me Gusta,0,91,1
10/10/20,92,10/3-10/9,YFN Lucci,Wet. (She Got That...),0,92,1
10/10/20,93,10/3-10/9,Sada Baby Featuring Nicki Minaj,Whole Lotta Choppas,0,93,1
10/10/20,94,10/3-10/9,Chase Rice,Lonely If You Are,91,91,6
10/10/20,95,10/3-10/9,DaBaby Featuring Young Thug,Blind,0,95,1
10/10/20,96,10/3-10/9,Lil Durk Featuring Lil Baby & Polo G,3 Headed Goat,97,43,13
10/10/20,97,10/3-10/9,YoungBoy Never Broke Again,Drug Addiction,44,44,2
10/10/20,98,10/3-10/9,Nio Garcia x Anuel AA x Myke Towers x Brray x Juanka,La Jeepeta,99,93,7
10/10/20,99,10/3-10/9,Jhene Aiko Featuring H.E.R.,B.S.,0,24,8
10/10/20,100,10/3-10/9,Big Sean Featuring Post Malone,Wolves,0,65,2
10/17/20,1,,Travis Scott Featuring Young Thug & M.I.A.,Franchise,0,1,1
10/17/20,2,,BTS,Dynamite,1,1,6
10/17/20,3,,Cardi B Featuring Megan Thee Stallion,WAP,2,1,8
10/17/20,4,,Drake Featuring Lil Durk,Laugh Now Cry Later,4,2,7
10/17/20,5,,24kGoldn Featuring iann dior,Mood,5,5,8
10/17/20,6,,The Weeknd,Blinding Lights,7,1,44
10/17/20,7,,DaBaby Featuring Roddy Ricch,Rockstar,6,1,24
10/17/20,8,,Jawsh 685 x Jason Derulo,Savage Love (Laxed - Siren Beat),9,7,16
10/17/20,9,,Harry Styles,Watermelon Sugar,8,1,28
10/17/20,10,,Gabby Barrett Featuring Charlie Puth,I Hope,10,10,40
10/17/20,11,,Lewis Capaldi,Before You Go,11,9,35
10/17/20,12,,Justin Bieber Featuring Chance The Rapper,Holy,3,3,2
10/17/20,13,,"Jack Harlow Featuring DaBaby, Tory Lanez & Lil Wayne",Whats Poppin,12,2,34
10/17/20,14,,Internet Money & Gunna Featuring Don Toliver & NAV,Lemonade,16,14,7
10/17/20,15,,Pop Smoke Featuring Lil Baby & DaBaby,For The Night,15,6,13
10/17/20,16,,Chris Brown & Young Thug,Go Crazy,13,9,21
10/17/20,17,,Post Malone,Circles,17,1,57
10/17/20,18,,Lee Brice,One Of Them Girls,22,18,18
10/17/20,19,,Jason Aldean,Got What I Got,21,19,18
10/17/20,20,,Juice WRLD x Marshmello,Come & Go,19,2,12
10/17/20,21,,DJ Khaled Featuring Drake,Popstar,14,3,11
10/17/20,22,,SAINt JHN,Roses,18,4,28
10/17/20,23,,Kane Brown With Swae Lee & Khalid,Be Like That,27,22,12
10/17/20,24,,Harry Styles,Adore You,23,6,43
10/17/20,25,,Dua Lipa,Break My Heart,25,13,27
10/17/20,26,,Luke Combs,Lovin' On You,26,23,14
10/17/20,27,,Pop Smoke Featuring Lil Tjay,Mood Swings,20,17,13
10/17/20,28,,Machine Gun Kelly X blackbear,My Ex's Best Friend,58,28,7
10/17/20,29,,Pop Smoke Featuring 50 Cent & Roddy Ricch,The Woo,30,11,13
10/17/20,30,,Saweetie,Tap In,28,20,12
10/17/20,31,,JP Saxe Featuring Julia Michaels,If The World Was Ending,31,27,27
10/17/20,32,,AJR,Bang!,33,32,13
10/17/20,33,,Dua Lipa,Don't Start Now,32,2,48
10/17/20,34,,Morgan Wallen,More Than My Hometown,34,34,16
10/17/20,35,,surf mesa Featuring Emilee,ily,37,35,19
10/17/20,36,,Moneybagg Yo,Said Sum,24,24,13
10/17/20,37,,Ava Max,Kings & Queens,38,37,8
10/17/20,38,,Rod Wave Featuring ATR Son Son,Rags2Riches,35,12,14
10/17/20,39,,Miley Cyrus,Midnight Sky,39,14,7
10/17/20,40,,Pop Smoke,What You Know Bout Love,56,40,4
10/17/20,41,,Future Featuring Drake,Life Is Good,36,2,38
10/17/20,42,,Jameson Rodgers,Some Girls,43,42,8
10/17/20,43,,Dan + Shay,I Should Probably Go To Bed,42,42,9
10/17/20,44,,Machine Gun Kelly & Halsey,Forget Me Too,0,44,1
10/17/20,45,,Kane Brown,Cool Again,29,29,18
10/17/20,46,,Morgan Wallen,Chasin' You,40,16,36
10/17/20,47,,Polo G,Epidemic,0,47,1
10/17/20,48,,Maddie & Tae,Die From A Broken Heart,44,22,25
10/17/20,49,,Lil Baby & 42 Dugg,We Paid,46,10,22
10/17/20,50,,Machine Gun Kelly,Bloody Valentine,0,50,1
10/17/20,51,,Juice WRLD,Wishing Well,45,5,12
10/17/20,52,,HARDY Featuring Lauren Alaina & Devin Dawson,One Beer,52,52,17
10/17/20,53,,Taylor Swift,Cardigan,49,1,10
10/17/20,54,,Money Man Featuring Lil Baby,24,60,54,7
10/17/20,55,,Lady Gaga & Ariana Grande,Rain On Me,41,1,19
10/17/20,56,,Blake Shelton Featuring Gwen Stefani,Happy Anywhere,57,56,10
10/17/20,57,,Maluma & The Weeknd,Hawai,55,55,6
10/17/20,58,,Parker McCollum,Pretty Heart,61,58,12
10/17/20,59,,Topic & A7S,Breaking Me,53,53,10
10/17/20,60,,Conan Gray,Heather,54,46,7
10/17/20,61,,Morgan Wallen,7 Summers,59,6,7
10/17/20,62,,Tim McGraw,I Called Mama,67,61,9
10/17/20,63,,Tate McRae,You Broke Me First.,63,63,6
10/17/20,64,,Chris Stapleton,Starting Over,73,57,5
10/17/20,65,,Russell Dickerson,Love You Like I Used To,77,65,4
10/17/20,66,,Jon Pardi,Ain't Always The Cowboy,79,66,5
10/17/20,67,,DJ Khaled Featuring Drake,Greece,65,8,11
10/17/20,68,,BLACKPINK X Selena Gomez,Ice Cream,66,13,5
10/17/20,69,,Matt Stell,Everywhere But On,83,69,4
10/17/20,70,,Sam Smith,Diamonds,51,51,2
10/17/20,71,,Polo G,Martin & Gina,74,61,9
10/17/20,72,,Lil Baby,The Bigger Picture,69,3,16
10/17/20,73,,Marshmello & Demi Lovato,OK Not To Be OK,75,36,3
10/17/20,74,,Megan Thee Stallion,Girls In The Hood,68,28,14
10/17/20,75,,SZA Featuring Ty Dolla $ign,Hit Different,81,29,4
10/17/20,76,,"Sech, Daddy Yankee & J Balvin Featuring ROSALIA & Farruko",Relacion,76,64,4
10/17/20,77,,"J Balvin, Dua Lipa, Bad Bunny & Tainy",Un Dia (One Day),71,63,10
10/17/20,78,,Gunna Featuring Young Thug,Dollaz On My Head,87,38,17
10/17/20,79,,YoungBoy Never Broke Again,Kacey Talk,72,50,7
10/17/20,80,,Chloe X Halle,Do It,85,63,7
10/17/20,81,,Juice WRLD & The Weeknd,Smile,78,8,8
10/17/20,82,,Doja Cat Featuring Gucci Mane,Like That,64,50,18
10/17/20,83,,Ozuna x Karol G x Myke Towers,Caramelo,84,76,7
10/17/20,84,,Calvin Harris X The Weeknd,Over Now,86,38,5
10/17/20,85,,DaBaby Featuring Young Thug,Blind,95,85,2
10/17/20,86,,Maroon 5,Nobody's Love,82,41,10
10/17/20,87,,VEDO,You Got It,88,87,3
10/17/20,88,,Ne-Yo & Jeremih,U 2 Luv,0,88,1
10/17/20,89,,Zayn,Better,0,89,1
10/17/20,90,,Lil Durk Featuring Lil Baby & Polo G,3 Headed Goat,96,43,14
10/17/20,91,,Machine Gun Kelly,Drunk Face,0,91,1
10/17/20,92,,Jhene Aiko Featuring H.E.R.,B.S.,99,24,9
10/17/20,93,,Chris Lane,"Big, Big Plans",0,93,1
10/17/20,94,,Karol G,"Ay, Dios Mio!",0,94,1
10/17/20,95,,Niko Moon,Good Time,0,95,1
10/17/20,96,,Ritt Momney,Put Your Records On,0,96,1
10/17/20,97,,Tory Lanez,Money Over Fallouts,0,97,1
10/17/20,98,,Ashe Featuring Niall Horan,Moral Of The Story,0,71,3
10/17/20,99,,Keith Urban Duet With P!nk,One Too Many,62,62,2
10/17/20,100,,Nio Garcia x Anuel AA x Myke Towers x Brray x Juanka,La Jeepeta,98,93,8
10/24/20,1,,Jawsh 685 x Jason Derulo,Savage Love (Laxed - Siren Beat),8,1,17
10/24/20,2,,BTS,Dynamite,2,1,7
10/24/20,3,,Cardi B Featuring Megan Thee Stallion,WAP,3,1,9
10/24/20,4,,24kGoldn Featuring iann dior,Mood,5,4,9
10/24/20,5,,Drake Featuring Lil Durk,Laugh Now Cry Later,4,2,8
10/24/20,6,,The Weeknd,Blinding Lights,6,1,45
10/24/20,7,,DaBaby Featuring Roddy Ricch,Rockstar,7,1,25
10/24/20,8,,Gabby Barrett Featuring Charlie Puth,I Hope,10,8,41
10/24/20,9,,21 Savage & Metro Boomin,Runnin,0,9,1
10/24/20,10,,21 Savage & Metro Boomin Featuring Drake,Mr. Right Now,0,10,1
10/24/20,11,,Harry Styles,Watermelon Sugar,9,1,29
10/24/20,12,,Internet Money & Gunna Featuring Don Toliver & NAV,Lemonade,14,12,8
10/24/20,13,,Lewis Capaldi,Before You Go,11,9,36
10/24/20,14,,Justin Bieber Featuring Chance The Rapper,Holy,12,3,3
10/24/20,15,,Pop Smoke Featuring Lil Baby & DaBaby,For The Night,15,6,14
10/24/20,16,,"Jack Harlow Featuring DaBaby, Tory Lanez & Lil Wayne",Whats Poppin,13,2,35
10/24/20,17,,Chris Brown & Young Thug,Go Crazy,16,9,22
10/24/20,18,,Shawn Mendes,Wonder,0,18,1
10/24/20,19,,21 Savage & Metro Boomin,Glock In My Lap,0,19,1
10/24/20,20,,Lee Brice,One Of Them Girls,18,18,19
10/24/20,21,,Fleetwood Mac,Dreams,0,1,20
10/24/20,22,,Post Malone,Circles,17,1,58
10/24/20,23,,Jason Aldean,Got What I Got,19,19,19
10/24/20,24,,Juice WRLD x Marshmello,Come & Go,20,2,13
10/24/20,25,,Travis Scott Featuring Young Thug & M.I.A.,Franchise,1,1,2
10/24/20,26,,21 Savage & Metro Boomin Featuring Young Thug,Rich N*gga Sh*t,0,26,1
10/24/20,27,,Kane Brown With Swae Lee & Khalid,Be Like That,23,22,13
10/24/20,28,,Harry Styles,Adore You,24,6,44
10/24/20,29,,Dua Lipa,Break My Heart,25,13,28
10/24/20,30,,Megan Thee Stallion Featuring Young Thug,Don't Stop,0,30,1
10/24/20,31,,SAINt JHN,Roses,22,4,29
10/24/20,32,,21 Savage & Metro Boomin,Slidin,0,32,1
10/24/20,33,,21 Savage & Metro Boomin,Many Men,0,33,1
10/24/20,34,,DJ Khaled Featuring Drake,Popstar,21,3,12
10/24/20,35,,AJR,Bang!,32,32,14
10/24/20,36,,Pop Smoke Featuring Lil Tjay,Mood Swings,27,17,14
10/24/20,37,,Why Don't We,Fallin',0,37,1
10/24/20,38,,Morgan Wallen,More Than My Hometown,34,34,17
10/24/20,39,,Dua Lipa,Don't Start Now,33,2,49
10/24/20,40,,Luke Combs,Lovin' On You,26,23,15
10/24/20,41,,surf mesa Featuring Emilee,ily,35,35,20
10/24/20,42,,Pop Smoke Featuring 50 Cent & Roddy Ricch,The Woo,29,11,14
10/24/20,43,,JP Saxe Featuring Julia Michaels,If The World Was Ending,31,27,28
10/24/20,44,,Pop Smoke,What You Know Bout Love,40,40,5
10/24/20,45,,Jameson Rodgers,Some Girls,42,42,9
10/24/20,46,,Ava Max,Kings & Queens,37,37,9
10/24/20,47,,Saweetie,Tap In,30,20,13
10/24/20,48,,Bryson Tiller Featuring Drake,Outta Time,0,48,1
10/24/20,49,,Rod Wave Featuring ATR Son Son,Rags2Riches,38,12,15
10/24/20,50,,Machine Gun Kelly X blackbear,My Ex's Best Friend,28,28,8
10/24/20,51,,Moneybagg Yo,Said Sum,36,24,14
10/24/20,52,,HARDY Featuring Lauren Alaina & Devin Dawson,One Beer,52,52,18
10/24/20,53,,Tim McGraw,I Called Mama,62,53,10
10/24/20,54,,Dan + Shay,I Should Probably Go To Bed,43,42,10
10/24/20,55,,Miley Cyrus,Midnight Sky,39,14,8
10/24/20,56,,21 Savage & Metro Boomin,My Dawg,0,56,1
10/24/20,57,,21 Savage & Metro Boomin,Brand New Draco,0,57,1
10/24/20,58,,Blake Shelton Featuring Gwen Stefani,Happy Anywhere,56,56,11
10/24/20,59,,BLACKPINK,Lovesick Girls,0,59,1
10/24/20,60,,Money Man Featuring Lil Baby,24,54,54,8
10/24/20,61,,21 Savage & Metro Boomin Featuring Young Nudy,Snitches & Rats,0,61,1
10/24/20,62,,Juice WRLD,Wishing Well,51,5,13
10/24/20,63,,Parker McCollum,Pretty Heart,58,58,13
10/24/20,64,,BLACKPINK X Selena Gomez,Ice Cream,68,13,6
10/24/20,65,,Lady Gaga & Ariana Grande,Rain On Me,55,1,20
10/24/20,66,,Maluma & The Weeknd,Hawai,57,55,7
10/24/20,67,,Morgan Wallen,7 Summers,61,6,8
10/24/20,68,,Russell Dickerson,Love You Like I Used To,65,65,5
10/24/20,69,,Conan Gray,Heather,60,46,8
10/24/20,70,,Kane Brown,Cool Again,45,29,19
10/24/20,71,,21 Savage & Metro Boomin,No Opp Left Behind,0,71,1
10/24/20,72,,Tate McRae,You Broke Me First.,63,63,7
10/24/20,73,,Dua Lipa Featuring DaBaby,Levitating,0,73,1
10/24/20,74,,21 Savage & Metro Boomin,Steppin On N*ggas,0,74,1
10/24/20,75,,Jon Pardi,Ain't Always The Cowboy,66,66,6
10/24/20,76,,21 Savage & Metro Boomin,RIP Luv,0,76,1
10/24/20,77,,Taylor Swift,Cardigan,53,1,11
10/24/20,78,,Topic & A7S,Breaking Me,59,53,11
10/24/20,79,,Matt Stell,Everywhere But On,69,69,5
10/24/20,80,,Sam Smith,Diamonds,70,51,3
10/24/20,81,,Chris Stapleton,Starting Over,64,57,6
10/24/20,82,,Marshmello & Demi Lovato,OK Not To Be OK,73,36,4
10/24/20,83,,Bryson Tiller,Always Forever,0,83,1
10/24/20,84,,Bryson Tiller,Years Go By,0,84,1
10/24/20,85,,"J Balvin, Dua Lipa, Bad Bunny & Tainy",Un Dia (One Day),77,63,11
10/24/20,86,,Polo G,Martin & Gina,71,61,10
10/24/20,87,,SZA Featuring Ty Dolla $ign,Hit Different,75,29,5
10/24/20,88,,DJ Khaled Featuring Drake,Greece,67,8,12
10/24/20,89,,Lil Baby,The Bigger Picture,72,3,17
10/24/20,90,,Machine Gun Kelly,Bloody Valentine,50,50,2
10/24/20,91,,21 Savage & Metro Boomin,Said N Done,0,91,1
10/24/20,92,,"Sech, Daddy Yankee & J Balvin Featuring ROSALIA & Farruko",Relacion,76,64,5
10/24/20,93,,Polo G,Epidemic,47,47,2
10/24/20,94,,Chloe X Halle,Do It,80,63,8
10/24/20,95,,Megan Thee Stallion,Girls In The Hood,74,28,15
10/24/20,96,,Machine Gun Kelly & Halsey,Forget Me Too,44,44,2
10/24/20,97,,Jhene Aiko Featuring H.E.R.,B.S.,92,24,10
10/24/20,98,,YoungBoy Never Broke Again,Kacey Talk,79,50,8
10/24/20,99,,DaBaby Featuring Young Thug,Blind,85,85,3
10/24/20,100,,Ozuna x Karol G x Myke Towers,Caramelo,83,76,8
10/31/20,1,,24kGoldn Featuring iann dior,Mood,4,1,10
10/31/20,2,,Cardi B Featuring Megan Thee Stallion,WAP,3,1,10
10/31/20,3,,Drake Featuring Lil Durk,Laugh Now Cry Later,5,2,9
10/31/20,4,,The Weeknd,Blinding Lights,6,1,46
10/31/20,5,,BTS,Dynamite,2,1,8
10/31/20,6,,Jawsh 685 x Jason Derulo,Savage Love (Laxed - Siren Beat),1,1,18
10/31/20,7,,DaBaby Featuring Roddy Ricch,Rockstar,7,1,26
10/31/20,8,,Gabby Barrett Featuring Charlie Puth,I Hope,8,8,42
10/31/20,9,,Harry Styles,Watermelon Sugar,11,1,30
10/31/20,10,,Internet Money & Gunna Featuring Don Toliver & NAV,Lemonade,12,10,9
10/31/20,11,,Lewis Capaldi,Before You Go,13,9,37
10/31/20,12,,Fleetwood Mac,Dreams,21,1,21
10/31/20,13,,Pop Smoke Featuring Lil Baby & DaBaby,For The Night,15,6,15
10/31/20,14,,Justin Bieber Featuring Chance The Rapper,Holy,14,3,4
10/31/20,15,,Chris Brown & Young Thug,Go Crazy,17,9,23
10/31/20,16,,Jason Aldean,Got What I Got,23,16,20
10/31/20,17,,Lee Brice,One Of Them Girls,20,17,20
10/31/20,18,,"Jack Harlow Featuring DaBaby, Tory Lanez & Lil Wayne",Whats Poppin,16,2,36
10/31/20,19,,Post Malone,Circles,22,1,59
10/31/20,20,,Kane Brown With Swae Lee & Khalid,Be Like That,27,20,14
10/31/20,21,,Juice WRLD x Marshmello,Come & Go,24,2,14
10/31/20,22,,Shawn Mendes,Wonder,18,18,2
10/31/20,23,,Travis Scott Featuring Young Thug & M.I.A.,Franchise,25,1,3
10/31/20,24,,21 Savage & Metro Boomin Featuring Drake,Mr. Right Now,10,10,2
10/31/20,25,,Harry Styles,Adore You,28,6,45
10/31/20,26,,AJR,Bang!,35,26,15
10/31/20,27,,Dua Lipa,Break My Heart,29,13,29
10/31/20,28,,surf mesa Featuring Emilee,ily,41,28,21
10/31/20,29,,Pop Smoke,What You Know Bout Love,44,29,6
10/31/20,30,,Morgan Wallen,More Than My Hometown,38,30,18
10/31/20,31,,SAINt JHN,Roses,31,4,30
10/31/20,32,,Ava Max,Kings & Queens,46,32,10
10/31/20,33,,Moneybagg Yo,Said Sum,51,24,15
10/31/20,34,,Jameson Rodgers,Some Girls,45,34,10
10/31/20,35,,Dua Lipa,Don't Start Now,39,2,50
10/31/20,36,,21 Savage & Metro Boomin,Runnin,9,9,2
10/31/20,37,,Pop Smoke Featuring Lil Tjay,Mood Swings,36,17,15
10/31/20,38,,Pop Smoke Featuring 50 Cent & Roddy Ricch,The Woo,42,11,15
10/31/20,39,,Rod Wave Featuring ATR Son Son,Rags2Riches,49,12,16
10/31/20,40,,DJ Khaled Featuring Drake,Popstar,34,3,13
10/31/20,41,,HARDY Featuring Lauren Alaina & Devin Dawson,One Beer,52,41,19
10/31/20,42,,Luke Combs,Lovin' On You,40,23,16
10/31/20,43,,JP Saxe Featuring Julia Michaels,If The World Was Ending,43,27,29
10/31/20,44,,Dan + Shay,I Should Probably Go To Bed,54,42,11
10/31/20,45,,Blake Shelton Featuring Gwen Stefani,Happy Anywhere,58,45,12
10/31/20,46,,Saweetie,Tap In,47,20,14
10/31/20,47,,Parker McCollum,Pretty Heart,63,47,14
10/31/20,48,,Machine Gun Kelly X blackbear,My Ex's Best Friend,50,28,9
10/31/20,49,,Money Man Featuring Lil Baby,24,60,49,9
10/31/20,50,,Miley Cyrus,Midnight Sky,55,14,9
10/31/20,51,,Russell Dickerson,Love You Like I Used To,68,51,6
10/31/20,52,,Juice WRLD,Wishing Well,62,5,14
10/31/20,53,,Megan Thee Stallion Featuring Young Thug,Don't Stop,30,30,2
10/31/20,54,,Dua Lipa Featuring DaBaby,Levitating,73,54,2
10/31/20,55,,Maluma & The Weeknd,Hawai,66,55,8
10/31/20,56,,Morgan Wallen,7 Summers,67,6,9
10/31/20,57,,Tate McRae,You Broke Me First.,72,57,8
10/31/20,58,,Bebe Rexha Featuring Doja Cat,"Baby, I'm Jealous",0,58,1
10/31/20,59,,Sam Smith,Diamonds,80,51,4
10/31/20,60,,Conan Gray,Heather,69,46,9
10/31/20,61,,Jon Pardi,Ain't Always The Cowboy,75,61,7
10/31/20,62,,Matt Stell,Everywhere But On,79,62,6
10/31/20,63,,21 Savage & Metro Boomin,Glock In My Lap,19,19,2
10/31/20,64,,Chris Stapleton,Starting Over,81,57,7
10/31/20,65,,Kane Brown,Cool Again,70,29,20
10/31/20,66,,SZA Featuring Ty Dolla $ign,Hit Different,87,29,6
10/31/20,67,,Polo G,Martin & Gina,86,61,11
10/31/20,68,,Lil Baby,The Bigger Picture,89,3,18
10/31/20,69,,Luke Combs,Better Together,0,69,2
10/31/20,70,,Marshmello & Demi Lovato,OK Not To Be OK,82,36,5
10/31/20,71,,DJ Khaled Featuring Drake,Greece,88,8,13
10/31/20,72,,BLACKPINK X Selena Gomez,Ice Cream,64,13,7
10/31/20,73,,"J Balvin, Dua Lipa, Bad Bunny & Tainy",Un Dia (One Day),85,63,12
10/31/20,74,,21 Savage & Metro Boomin Featuring Young Thug,Rich N*gga Sh*t,26,26,2
10/31/20,75,,"Sech, Daddy Yankee & J Balvin Featuring ROSALIA & Farruko",Relacion,92,64,6
10/31/20,76,,Jhene Aiko Featuring H.E.R.,B.S.,97,24,11
10/31/20,77,,Chloe X Halle,Do It,94,63,9
10/31/20,78,,Chris Lane,"Big, Big Plans",0,78,2
10/31/20,79,,Topic & A7S,Breaking Me,78,53,12
10/31/20,80,,Ne-Yo & Jeremih,U 2 Luv,0,80,2
10/31/20,81,,Tim McGraw,I Called Mama,53,53,11
10/31/20,82,,YoungBoy Never Broke Again,Kacey Talk,98,50,9
10/31/20,83,,DaBaby Featuring Young Thug,Blind,99,83,4
10/31/20,84,,Niko Moon,Good Time,0,84,2
10/31/20,85,,Taylor Swift,Cardigan,77,1,12
10/31/20,86,,Machine Gun Kelly,Bloody Valentine,90,50,3
10/31/20,87,,Megan Thee Stallion,Girls In The Hood,95,28,16
10/31/20,88,,21 Savage & Metro Boomin,Slidin,32,32,2
10/31/20,89,,Juice WRLD & The Weeknd,Smile,0,8,9
10/31/20,90,,Ozuna x Karol G x Myke Towers,Caramelo,100,76,9
10/31/20,91,,Gunna Featuring Young Thug,Dollaz On My Head,0,38,18
10/31/20,92,,Polo G,Epidemic,93,47,3
10/31/20,93,,Ritt Momney,Put Your Records On,0,93,2
10/31/20,94,,21 Savage & Metro Boomin,Many Men,33,33,2
10/31/20,95,,Kelsea Ballerini,Hole In The Bottle,0,95,1
10/31/20,96,,Lil Durk Featuring Lil Baby & Polo G,3 Headed Goat,0,43,15
10/31/20,97,,Nio Garcia x Anuel AA x Myke Towers x Brray x Juanka,La Jeepeta,0,93,9
10/31/20,98,,Clairo,Sofia,0,98,1
10/31/20,99,,Keith Urban Duet With P!nk,One Too Many,0,62,3
10/31/20,100,,VEDO,You Got It,0,87,4
11/7/20,1,,24kGoldn Featuring iann dior,Mood,1,1,11
11/7/20,2,,Cardi B Featuring Megan Thee Stallion,WAP,2,1,11
11/7/20,3,,Drake Featuring Lil Durk,Laugh Now Cry Later,3,2,10
11/7/20,4,,The Weeknd,Blinding Lights,4,1,47
11/7/20,5,,Jawsh 685 x Jason Derulo,Savage Love (Laxed - Siren Beat),6,1,19
11/7/20,6,,Gabby Barrett Featuring Charlie Puth,I Hope,8,6,43
11/7/20,7,,BTS,Dynamite,5,1,9
11/7/20,8,,DaBaby Featuring Roddy Ricch,Rockstar,7,1,27
11/7/20,9,,Justin Bieber Featuring Chance The Rapper,Holy,14,3,5
11/7/20,10,,Internet Money & Gunna Featuring Don Toliver & NAV,Lemonade,10,10,10
11/7/20,11,,Harry Styles,Watermelon Sugar,9,1,31
11/7/20,12,,Lewis Capaldi,Before You Go,11,9,38
11/7/20,13,,Pop Smoke Featuring Lil Baby & DaBaby,For The Night,13,6,16
11/7/20,14,,Justin Bieber & benny blanco,Lonely,0,14,1
11/7/20,15,,Chris Brown & Young Thug,Go Crazy,15,9,24
11/7/20,16,,Jason Aldean,Got What I Got,16,16,21
11/7/20,17,,Lee Brice,One Of Them Girls,17,17,21
11/7/20,18,,"Jack Harlow Featuring DaBaby, Tory Lanez & Lil Wayne",Whats Poppin,18,2,37
11/7/20,19,,Post Malone,Circles,19,1,60
11/7/20,20,,Kane Brown With Swae Lee & Khalid,Be Like That,20,20,15
11/7/20,21,,Fleetwood Mac,Dreams,12,1,22
11/7/20,22,,Juice WRLD x Marshmello,Come & Go,21,2,15
11/7/20,23,,Moneybagg Yo,Said Sum,33,23,16
11/7/20,24,,Ava Max,Kings & Queens,32,24,11
11/7/20,25,,Pop Smoke,What You Know Bout Love,29,25,7
11/7/20,26,,AJR,Bang!,26,26,16
11/7/20,27,,surf mesa Featuring Emilee,ily,28,27,22
11/7/20,28,,Morgan Wallen,More Than My Hometown,30,28,19
11/7/20,29,,Jameson Rodgers,Some Girls,34,29,11
11/7/20,30,,Shawn Mendes,Wonder,22,18,3
11/7/20,31,,Harry Styles,Adore You,25,6,46
11/7/20,32,,Pop Smoke Featuring 50 Cent & Roddy Ricch,The Woo,38,11,16
11/7/20,33,,SAINt JHN,Roses,31,4,31
11/7/20,34,,Dua Lipa,Break My Heart,27,13,30
11/7/20,35,,Sada Baby Featuring Nicki Minaj,Whole Lotta Choppas,0,35,2
11/7/20,36,,Dua Lipa,Don't Start Now,35,2,51
11/7/20,37,,HARDY Featuring Lauren Alaina & Devin Dawson,One Beer,41,37,20
11/7/20,38,,Rod Wave Featuring ATR Son Son,Rags2Riches,39,12,17
11/7/20,39,,Travis Scott Featuring Young Thug & M.I.A.,Franchise,23,1,4
11/7/20,40,,Pop Smoke Featuring Lil Tjay,Mood Swings,37,17,16
11/7/20,41,,Russell Dickerson,Love You Like I Used To,51,41,7
11/7/20,42,,21 Savage & Metro Boomin Featuring Drake,Mr. Right Now,24,10,3
11/7/20,43,,Dan + Shay,I Should Probably Go To Bed,44,42,12
11/7/20,44,,Parker McCollum,Pretty Heart,47,44,15
11/7/20,45,,Luke Combs,Lovin' On You,42,23,17
11/7/20,46,,DJ Khaled Featuring Drake,Popstar,40,3,14
11/7/20,47,,Dua Lipa Featuring DaBaby,Levitating,54,47,3
11/7/20,48,,Miley Cyrus,Midnight Sky,50,14,10
11/7/20,49,,Blake Shelton Featuring Gwen Stefani,Happy Anywhere,45,45,13
11/7/20,50,,21 Savage & Metro Boomin,Runnin,36,9,3
11/7/20,51,,Money Man Featuring Lil Baby,24,49,49,10
11/7/20,52,,Yung Bleu Featuring Drake,You're Mines Still,0,52,1
11/7/20,53,,Saweetie,Tap In,46,20,15
11/7/20,54,,Machine Gun Kelly X blackbear,My Ex's Best Friend,48,28,10
11/7/20,55,,Juice WRLD,Wishing Well,52,5,15
11/7/20,56,,Matt Stell,Everywhere But On,62,56,7
11/7/20,57,,Luke Combs,Better Together,69,57,3
11/7/20,58,,Tate McRae,You Broke Me First.,57,57,9
11/7/20,59,,Maluma & The Weeknd,Hawai,55,55,9
11/7/20,60,,Sam Smith,Diamonds,59,51,5
11/7/20,61,,Morgan Wallen,7 Summers,56,6,10
11/7/20,62,,Jon Pardi,Ain't Always The Cowboy,61,61,8
11/7/20,63,,Megan Thee Stallion Featuring Young Thug,Don't Stop,53,30,3
11/7/20,64,,Conan Gray,Heather,60,46,10
11/7/20,65,,Chris Stapleton,Starting Over,64,57,8
11/7/20,66,,SZA Featuring Ty Dolla $ign,Hit Different,66,29,7
11/7/20,67,,Polo G,Martin & Gina,67,61,12
11/7/20,68,,Chris Lane,"Big, Big Plans",78,68,3
11/7/20,69,,Jhene Aiko Featuring H.E.R.,B.S.,76,24,12
11/7/20,70,,Ne-Yo & Jeremih,U 2 Luv,80,70,3
11/7/20,71,,G-Eazy Featuring blackbear,Hate The Way,0,71,1
11/7/20,72,,Lil Baby,The Bigger Picture,68,3,19
11/7/20,73,,"Sech, Daddy Yankee & J Balvin Featuring ROSALIA & Farruko",Relacion,75,64,7
11/7/20,74,,Niko Moon,Good Time,84,74,3
11/7/20,75,,Chloe X Halle,Do It,77,63,10
11/7/20,76,,DJ Khaled Featuring Drake,Greece,71,8,14
11/7/20,77,,YoungBoy Never Broke Again,Kacey Talk,82,50,10
11/7/20,78,,DaBaby Featuring Young Thug,Blind,83,78,5
11/7/20,79,,Ritt Momney,Put Your Records On,93,79,3
11/7/20,80,,Marshmello & Demi Lovato,OK Not To Be OK,70,36,6
11/7/20,81,,Larray,Canceled,0,81,1
11/7/20,82,,21 Savage & Metro Boomin,Glock In My Lap,63,19,3
11/7/20,83,,"J Balvin, Dua Lipa, Bad Bunny & Tainy",Un Dia (One Day),73,63,13
11/7/20,84,,BLACKPINK X Selena Gomez,Ice Cream,72,13,8
11/7/20,85,,Kenny Chesney,Happy Does,0,85,1
11/7/20,86,,Juice WRLD & The Weeknd,Smile,89,8,10
11/7/20,87,,Topic & A7S,Breaking Me,79,53,13
11/7/20,88,,Taylor Swift,Cardigan,85,1,13
11/7/20,89,,Megan Thee Stallion,Girls In The Hood,87,28,17
11/7/20,90,,Lil Durk Featuring Lil Baby & Polo G,3 Headed Goat,96,43,16
11/7/20,91,,Tim McGraw,I Called Mama,81,53,12
11/7/20,92,,Machine Gun Kelly,Bloody Valentine,86,50,4
11/7/20,93,,BRS Kash,Throat Baby (Go Baby),0,93,1
11/7/20,94,,Kelsea Ballerini,Hole In The Bottle,95,94,2
11/7/20,95,,Nio Garcia x Anuel AA x Myke Towers x Brray x Juanka,La Jeepeta,97,93,10
11/7/20,96,,Ozuna x Karol G x Myke Towers,Caramelo,90,76,10
11/7/20,97,,T.I. Featuring Lil Baby,Pardon,0,97,1
11/7/20,98,,Keith Urban Duet With P!nk,One Too Many,99,62,4
11/7/20,99,,Gunna Featuring Young Thug,Dollaz On My Head,91,38,19
11/7/20,100,,Lady A,Champagne Night,0,100,1
11/14/20,1,,Ariana Grande,Positions,0,1,1
11/14/20,2,,Luke Combs,Forever After All,0,2,1
11/14/20,3,,24kGoldn Featuring iann dior,Mood,1,1,12
11/14/20,4,,Drake Featuring Lil Durk,Laugh Now Cry Later,3,2,11
11/14/20,5,,The Weeknd,Blinding Lights,4,1,48
11/14/20,6,,Gabby Barrett Featuring Charlie Puth,I Hope,6,6,44
11/14/20,7,,Cardi B Featuring Megan Thee Stallion,WAP,2,1,12
11/14/20,8,,Jawsh 685 x Jason Derulo,Savage Love (Laxed - Siren Beat),5,1,20
11/14/20,9,,Internet Money & Gunna Featuring Don Toliver & NAV,Lemonade,10,9,11
11/14/20,10,,Justin Bieber Featuring Chance The Rapper,Holy,9,3,6
11/14/20,11,,DaBaby Featuring Roddy Ricch,Rockstar,8,1,28
11/14/20,12,,BTS,Dynamite,7,1,10
11/14/20,13,,Lewis Capaldi,Before You Go,12,9,39
11/14/20,14,,Pop Smoke Featuring Lil Baby & DaBaby,For The Night,13,6,17
11/14/20,15,,Harry Styles,Watermelon Sugar,11,1,32
11/14/20,16,,Chris Brown & Young Thug,Go Crazy,15,9,25
11/14/20,17,,Moneybagg Yo,Said Sum,23,17,17
11/14/20,18,,Post Malone,Circles,19,1,61
11/14/20,19,,Kane Brown With Swae Lee & Khalid,Be Like That,20,19,16
11/14/20,20,,"Jack Harlow Featuring DaBaby, Tory Lanez & Lil Wayne",Whats Poppin,18,2,38
11/14/20,21,,Jason Aldean,Got What I Got,16,16,22
11/14/20,22,,Ava Max,Kings & Queens,24,22,12
11/14/20,23,,Morgan Wallen,More Than My Hometown,28,23,20
11/14/20,24,,Juice WRLD x Marshmello,Come & Go,22,2,16
11/14/20,25,,surf mesa Featuring Emilee,ily,27,25,23
11/14/20,26,,Lee Brice,One Of Them Girls,17,17,22
11/14/20,27,,Justin Bieber & benny blanco,Lonely,14,14,2
11/14/20,28,,AJR,Bang!,26,26,17
11/14/20,29,,Pop Smoke,What You Know Bout Love,25,25,8
11/14/20,30,,Luke Combs,Better Together,57,30,4
11/14/20,31,,Harry Styles,Adore You,31,6,47
11/14/20,32,,Shawn Mendes,Wonder,30,18,4
11/14/20,33,,Fleetwood Mac,Dreams,21,1,23
11/14/20,34,,Jack Harlow,Tyler Herro,0,34,1
11/14/20,35,,Pop Smoke Featuring 50 Cent & Roddy Ricch,The Woo,32,11,17
11/14/20,36,,HARDY Featuring Lauren Alaina & Devin Dawson,One Beer,37,36,21
11/14/20,37,,Russell Dickerson,Love You Like I Used To,41,37,8
11/14/20,38,,Dua Lipa,Don't Start Now,36,2,52
11/14/20,39,,SAINt JHN,Roses,33,4,32
11/14/20,40,,Rod Wave Featuring ATR Son Son,Rags2Riches,38,12,18
11/14/20,41,,Luke Combs,Lovin' On You,45,23,18
11/14/20,42,,Dua Lipa Featuring DaBaby,Levitating,47,42,4
11/14/20,43,,Parker McCollum,Pretty Heart,44,43,16
11/14/20,44,,Dua Lipa,Break My Heart,34,13,31
11/14/20,45,,Jameson Rodgers,Some Girls,29,29,12
11/14/20,46,,Blake Shelton Featuring Gwen Stefani,Happy Anywhere,49,45,14
11/14/20,47,,Pop Smoke Featuring Lil Tjay,Mood Swings,40,17,17
11/14/20,48,,Matt Stell,Everywhere But On,56,48,8
11/14/20,49,,21 Savage & Metro Boomin Featuring Drake,Mr. Right Now,42,10,4
11/14/20,50,,Dan + Shay,I Should Probably Go To Bed,43,42,13
11/14/20,51,,Travis Scott Featuring Young Thug & M.I.A.,Franchise,39,1,5
11/14/20,52,,Money Man Featuring Lil Baby,24,51,49,11
11/14/20,53,,Ty Dolla $ign Featuring Post Malone,Spicy,0,53,1
11/14/20,54,,DJ Khaled Featuring Drake,Popstar,46,3,15
11/14/20,55,,Tate McRae,You Broke Me First.,58,55,10
11/14/20,56,,Miley Cyrus,Midnight Sky,48,14,11
11/14/20,57,,Machine Gun Kelly X blackbear,My Ex's Best Friend,54,28,11
11/14/20,58,,Sam Smith,Diamonds,60,51,6
11/14/20,59,,Saweetie,Tap In,53,20,16
11/14/20,60,,Morgan Wallen,7 Summers,61,6,11
11/14/20,61,,21 Savage & Metro Boomin,Runnin,50,9,4
11/14/20,62,,Juice WRLD,Wishing Well,55,5,16
11/14/20,63,,Chris Stapleton,Starting Over,65,57,9
11/14/20,64,,Maluma & The Weeknd,Hawai,59,55,10
11/14/20,65,,Jon Pardi,Ain't Always The Cowboy,62,61,9
11/14/20,66,,Ne-Yo & Jeremih,U 2 Luv,70,66,4
11/14/20,67,,Chris Lane,"Big, Big Plans",68,67,4
11/14/20,68,,SZA Featuring Ty Dolla $ign,Hit Different,66,29,8
11/14/20,69,,Luke Combs,The Other Guy,0,69,1
11/14/20,70,,H.E.R.,Damage,0,70,1
11/14/20,71,,Conan Gray,Heather,64,46,11
11/14/20,72,,Megan Thee Stallion Featuring Young Thug,Don't Stop,63,30,4
11/14/20,73,,Polo G,Martin & Gina,67,61,13
11/14/20,74,,Harry Styles,Golden,0,74,2
11/14/20,75,,Jhene Aiko Featuring H.E.R.,B.S.,69,24,13
11/14/20,76,,Saweetie Featuring Jhene Aiko,Back To The Streets,0,76,1
11/14/20,77,,The Kid LAROI,So Done,0,77,1
11/14/20,78,,Luke Combs Featuring Amanda Shires,Without You,0,70,2
11/14/20,79,,"Sech, Daddy Yankee & J Balvin Featuring ROSALIA & Farruko",Relacion,73,64,8
11/14/20,80,,Ritt Momney,Put Your Records On,79,79,4
11/14/20,81,,Niko Moon,Good Time,74,74,4
11/14/20,82,,Lil Baby,The Bigger Picture,72,3,20
11/14/20,83,,DaBaby Featuring Young Thug,Blind,78,78,6
11/14/20,84,,Luke Combs,Cold As You,0,84,1
11/14/20,85,,YoungBoy Never Broke Again,Kacey Talk,77,50,11
11/14/20,86,,DaBaby,Practice,0,86,1
11/14/20,87,,Kelsea Ballerini,Hole In The Bottle,94,87,3
11/14/20,88,,Sada Baby Featuring Nicki Minaj,Whole Lotta Choppas,35,35,3
11/14/20,89,,Yung Bleu Featuring Drake,You're Mines Still,52,52,2
11/14/20,90,,Lady A,Champagne Night,100,90,2
11/14/20,91,,DJ Khaled Featuring Drake,Greece,76,8,15
11/14/20,92,,Kenny Chesney,Happy Does,85,85,2
11/14/20,93,,BRS Kash,Throat Baby (Go Baby),93,93,2
11/14/20,94,,"J Balvin, Dua Lipa, Bad Bunny & Tainy",Un Dia (One Day),83,63,14
11/14/20,95,,Chloe X Halle,Do It,75,63,11
11/14/20,96,,Taylor Swift,Cardigan,88,1,14
11/14/20,97,,Machine Gun Kelly & Halsey,Forget Me Too,0,44,3
11/14/20,98,,Farruko,La Toxica,0,98,1
11/14/20,99,,Joel Corry X MNEK,Head & Heart,0,99,1
11/14/20,100,,Little Big Town,"Wine, Beer, Whiskey",0,100,1
11/21/20,1,,24kGoldn Featuring iann dior,Mood,3,1,13
11/21/20,2,,Ariana Grande,Positions,1,1,2
11/21/20,3,,Drake Featuring Lil Durk,Laugh Now Cry Later,4,2,12
11/21/20,4,,The Weeknd,Blinding Lights,5,1,49
11/21/20,5,,Gabby Barrett Featuring Charlie Puth,I Hope,6,5,45
11/21/20,6,,Jawsh 685 x Jason Derulo,Savage Love (Laxed - Siren Beat),8,1,21
11/21/20,7,,Internet Money & Gunna Featuring Don Toliver & NAV,Lemonade,9,7,12
11/21/20,8,,Ariana Grande,34+35,0,8,1
11/21/20,9,,Bad Bunny & Jhay Cortez,Dakiti,0,9,1
11/21/20,10,,Cardi B Featuring Megan Thee Stallion,WAP,7,1,13
11/21/20,11,,Justin Bieber Featuring Chance The Rapper,Holy,10,3,7
11/21/20,12,,Pop Smoke Featuring Lil Baby & DaBaby,For The Night,14,6,18
11/21/20,13,,DaBaby Featuring Roddy Ricch,Rockstar,11,1,29
11/21/20,14,,Lewis Capaldi,Before You Go,13,9,40
11/21/20,15,,Chris Brown & Young Thug,Go Crazy,16,9,26
11/21/20,16,,BTS,Dynamite,12,1,11
11/21/20,17,,Harry Styles,Watermelon Sugar,15,1,33
11/21/20,18,,Luke Combs,Forever After All,2,2,2
11/21/20,19,,Ava Max,Kings & Queens,22,19,13
11/21/20,20,,Moneybagg Yo,Said Sum,17,17,18
11/21/20,21,,Justin Bieber & benny blanco,Lonely,27,14,3
11/21/20,22,,Kane Brown With Swae Lee & Khalid,Be Like That,19,19,17
11/21/20,23,,Morgan Wallen,More Than My Hometown,23,23,21
11/21/20,24,,"Jack Harlow Featuring DaBaby, Tory Lanez & Lil Wayne",Whats Poppin,20,2,39
11/21/20,25,,surf mesa Featuring Emilee,ily,25,25,24
11/21/20,26,,AJR,Bang!,28,26,18
11/21/20,27,,Lee Brice,One Of Them Girls,26,17,23
11/21/20,28,,Jason Aldean,Got What I Got,21,16,23
11/21/20,29,,Dua Lipa Featuring DaBaby,Levitating,42,29,5
11/21/20,30,,Pop Smoke,What You Know Bout Love,29,25,9
11/21/20,31,,Juice WRLD x Marshmello,Come & Go,24,2,17
11/21/20,32,,Ariana Grande Featuring Doja Cat,Motive,0,32,1
11/21/20,33,,Shawn Mendes,Wonder,32,18,5
11/21/20,34,,Russell Dickerson,Love You Like I Used To,37,34,9
11/21/20,35,,Ariana Grande Featuring The Weeknd,Off The Table,0,35,1
11/21/20,36,,HARDY Featuring Lauren Alaina & Devin Dawson,One Beer,36,36,22
11/21/20,37,,Harry Styles,Adore You,31,6,48
11/21/20,38,,Parker McCollum,Pretty Heart,43,38,17
11/21/20,39,,Pop Smoke Featuring 50 Cent & Roddy Ricch,The Woo,35,11,18
11/21/20,40,,Ariana Grande,pov,0,40,1
11/21/20,41,,Luke Combs,Better Together,30,30,5
11/21/20,42,,Rod Wave Featuring ATR Son Son,Rags2Riches,40,12,19
11/21/20,43,,Ariana Grande,Just Like Magic,0,43,1
11/21/20,44,,SAINt JHN,Roses,39,4,33
11/21/20,45,,Sam Smith,Diamonds,58,45,7
11/21/20,46,,Blake Shelton Featuring Gwen Stefani,Happy Anywhere,46,45,15
11/21/20,47,,Ariana Grande,Shut Up,0,47,1
11/21/20,48,,Michael Jackson,Thriller,0,4,20
11/21/20,49,,Ariana Grande,Nasty,0,49,1
11/21/20,50,,Dua Lipa,Break My Heart,44,13,32
11/21/20,51,,Matt Stell,Everywhere But On,48,48,9
11/21/20,52,,Ariana Grande Featuring Ty Dolla $ign,Safety Net,0,52,1
11/21/20,53,,Pop Smoke Featuring Lil Tjay,Mood Swings,47,17,18
11/21/20,54,,Jack Harlow,Tyler Herro,34,34,2
11/21/20,55,,21 Savage & Metro Boomin Featuring Drake,Mr. Right Now,49,10,5
11/21/20,56,,Luke Combs,Lovin' On You,41,23,19
11/21/20,57,,Jameson Rodgers,Some Girls,45,29,13
11/21/20,58,,Dan + Shay,I Should Probably Go To Bed,50,42,14
11/21/20,59,,Travis Scott Featuring Young Thug & M.I.A.,Franchise,51,1,6
11/21/20,60,,Maluma & The Weeknd,Hawai,64,55,11
11/21/20,61,,Tate McRae,You Broke Me First.,55,55,11
11/21/20,62,,DJ Khaled Featuring Drake,Popstar,54,3,16
11/21/20,63,,Ariana Grande,Six Thirty,0,63,1
11/21/20,64,,Chris Lane,"Big, Big Plans",67,64,5
11/21/20,65,,Ariana Grande,My Hair,0,65,1
11/21/20,66,,Money Man Featuring Lil Baby,24,52,49,12
11/21/20,67,,Machine Gun Kelly X blackbear,My Ex's Best Friend,57,28,12
11/21/20,68,,Jon Pardi,Ain't Always The Cowboy,65,61,10
11/21/20,69,,Chris Stapleton,Starting Over,63,57,10
11/21/20,70,,Ariana Grande,Obvious,0,70,1
11/21/20,71,,Ariana Grande,West Side,0,71,1
11/21/20,72,,Morgan Wallen,7 Summers,60,6,12
11/21/20,73,,Juice WRLD,Wishing Well,62,5,17
11/21/20,74,,Ne-Yo & Jeremih,U 2 Luv,66,66,5
11/21/20,75,,Ariana Grande,Love Language,0,75,1
11/21/20,76,,Saweetie,Tap In,59,20,17
11/21/20,77,,Jhene Aiko Featuring H.E.R.,B.S.,75,24,14
11/21/20,78,,Megan Thee Stallion Featuring Young Thug,Don't Stop,72,30,5
11/21/20,79,,SZA Featuring Ty Dolla $ign,Hit Different,68,29,9
11/21/20,80,,Trippie Redd,Weeeeee,0,80,1
11/21/20,81,,Polo G,Martin & Gina,73,61,14
11/21/20,82,,Miley Cyrus,Midnight Sky,56,14,12
11/21/20,83,,21 Savage & Metro Boomin,Runnin,61,9,5
11/21/20,84,,Conan Gray,Heather,71,46,12
11/21/20,85,,Niko Moon,Good Time,81,74,5
11/21/20,86,,Harry Styles,Golden,74,74,3
11/21/20,87,,BRS Kash,Throat Baby (Go Baby),93,87,3
11/21/20,88,,DaBaby,Practice,86,86,2
11/21/20,89,,Ritt Momney,Put Your Records On,80,79,5
11/21/20,90,,DaBaby Featuring Young Thug,Blind,83,78,7
11/21/20,91,,"Sech, Daddy Yankee & J Balvin Featuring ROSALIA & Farruko",Relacion,79,64,9
11/21/20,92,,"Lil Durk, 6LACK & Young Thug",Stay Down,0,92,1
11/21/20,93,,YoungBoy Never Broke Again,Kacey Talk,85,50,12
11/21/20,94,,Lady A,Champagne Night,90,90,3
11/21/20,95,,Kelsea Ballerini,Hole In The Bottle,87,87,4
11/21/20,96,,Kenny Chesney,Happy Does,92,85,3
11/21/20,97,,The Kid LAROI,So Done,77,77,2
11/21/20,98,,DJ Chose Featuring BeatKing,Thick,0,98,1
11/21/20,99,,Farruko,La Toxica,98,98,2
11/21/20,100,,Jason Derulo,Take You Dancing,0,100,1
11/28/20,1,11/21/2020-11/27/2020,24kGoldn Featuring iann dior,Mood,1,1,14
11/28/20,2,11/21/2020-11/27/2020,Ariana Grande,Positions,2,1,3
11/28/20,3,11/21/2020-11/27/2020,Gabby Barrett Featuring Charlie Puth,I Hope,5,3,46
11/28/20,4,11/21/2020-11/27/2020,Drake Featuring Lil Durk,Laugh Now Cry Later,3,2,13
11/28/20,5,11/21/2020-11/27/2020,The Weeknd,Blinding Lights,4,1,50
11/28/20,6,11/21/2020-11/27/2020,Internet Money & Gunna Featuring Don Toliver & NAV,Lemonade,7,6,13
11/28/20,7,11/21/2020-11/27/2020,Justin Bieber Featuring Chance The Rapper,Holy,11,3,8
11/28/20,8,11/21/2020-11/27/2020,Bad Bunny & Jhay Cortez,Dakiti,9,8,2
11/28/20,9,11/21/2020-11/27/2020,Jawsh 685 x Jason Derulo,Savage Love (Laxed - Siren Beat),6,1,22
11/28/20,10,11/21/2020-11/27/2020,Pop Smoke Featuring Lil Baby & DaBaby,For The Night,12,6,19
11/28/20,11,11/21/2020-11/27/2020,Cardi B Featuring Megan Thee Stallion,WAP,10,1,14
11/28/20,12,11/21/2020-11/27/2020,Maluma & The Weeknd,Hawai,60,12,12
11/28/20,13,11/21/2020-11/27/2020,Chris Brown & Young Thug,Go Crazy,15,9,27
11/28/20,14,11/21/2020-11/27/2020,DaBaby Featuring Roddy Ricch,Rockstar,13,1,30
11/28/20,15,11/21/2020-11/27/2020,Ava Max,Kings & Queens,19,15,14
11/28/20,16,11/21/2020-11/27/2020,Lewis Capaldi,Before You Go,14,9,41
11/28/20,17,11/21/2020-11/27/2020,BTS,Dynamite,16,1,12
11/28/20,18,11/21/2020-11/27/2020,Harry Styles,Watermelon Sugar,17,1,34
11/28/20,19,11/21/2020-11/27/2020,Morgan Wallen,More Than My Hometown,23,19,22
11/28/20,20,11/21/2020-11/27/2020,Kane Brown With Swae Lee & Khalid,Be Like That,22,19,18
11/28/20,21,11/21/2020-11/27/2020,Justin Bieber & benny blanco,Lonely,21,14,4
11/28/20,22,11/21/2020-11/27/2020,Moneybagg Yo,Said Sum,20,17,19
11/28/20,23,11/21/2020-11/27/2020,surf mesa Featuring Emilee,ily,25,23,25
11/28/20,24,11/21/2020-11/27/2020,AJR,Bang!,26,24,19
11/28/20,25,11/21/2020-11/27/2020,"Jack Harlow Featuring DaBaby, Tory Lanez & Lil Wayne",Whats Poppin,24,2,40
11/28/20,26,11/21/2020-11/27/2020,Dua Lipa Featuring DaBaby,Levitating,29,26,6
11/28/20,27,11/21/2020-11/27/2020,Luke Combs,Forever After All,18,2,3
11/28/20,28,11/21/2020-11/27/2020,Pop Smoke,What You Know Bout Love,30,25,10
11/28/20,29,11/21/2020-11/27/2020,Lee Brice,One Of Them Girls,27,17,24
11/28/20,30,11/21/2020-11/27/2020,Ariana Grande,34+35,8,8,2
11/28/20,31,11/21/2020-11/27/2020,Russell Dickerson,Love You Like I Used To,34,31,10
11/28/20,32,11/21/2020-11/27/2020,Shawn Mendes,Wonder,33,18,6
11/28/20,33,11/21/2020-11/27/2020,HARDY Featuring Lauren Alaina & Devin Dawson,One Beer,36,33,23
11/28/20,34,11/21/2020-11/27/2020,Jason Aldean,Got What I Got,28,16,24
11/28/20,35,11/21/2020-11/27/2020,"Mike WiLL Made-It, Nicki Minaj & YoungBoy Never Broke Again",What That Speed Bout!?,0,35,1
11/28/20,36,11/21/2020-11/27/2020,Blake Shelton Featuring Gwen Stefani,Happy Anywhere,46,36,16
11/28/20,37,11/21/2020-11/27/2020,Parker McCollum,Pretty Heart,38,37,18
11/28/20,38,11/21/2020-11/27/2020,Juice WRLD x Marshmello,Come & Go,31,2,18
11/28/20,39,11/21/2020-11/27/2020,Luke Combs,Better Together,41,30,6
11/28/20,40,11/21/2020-11/27/2020,Sam Smith,Diamonds,45,40,8
11/28/20,41,11/21/2020-11/27/2020,Pop Smoke Featuring 50 Cent & Roddy Ricch,The Woo,39,11,19
11/28/20,42,11/21/2020-11/27/2020,Rod Wave Featuring ATR Son Son,Rags2Riches,42,12,20
11/28/20,43,11/21/2020-11/27/2020,Harry Styles,Adore You,37,6,49
11/28/20,44,11/21/2020-11/27/2020,Miley Cyrus,Midnight Sky,82,14,13
11/28/20,45,11/21/2020-11/27/2020,Ariana Grande,pov,40,40,2
11/28/20,46,11/21/2020-11/27/2020,SAINt JHN,Roses,44,4,34
11/28/20,47,11/21/2020-11/27/2020,King Von,Took Her To The O,0,47,1
11/28/20,48,11/21/2020-11/27/2020,Chris Stapleton,Starting Over,69,48,11
11/28/20,49,11/21/2020-11/27/2020,Dan + Shay,I Should Probably Go To Bed,58,42,15
11/28/20,50,11/21/2020-11/27/2020,Tate McRae,You Broke Me First.,61,50,12
11/28/20,51,11/21/2020-11/27/2020,Luke Combs,Lovin' On You,56,23,20
11/28/20,52,11/21/2020-11/27/2020,21 Savage & Metro Boomin Featuring Drake,Mr. Right Now,55,10,6
11/28/20,53,11/21/2020-11/27/2020,Pop Smoke Featuring Lil Tjay,Mood Swings,53,17,19
11/28/20,54,11/21/2020-11/27/2020,Matt Stell,Everywhere But On,51,48,10
11/28/20,55,11/21/2020-11/27/2020,Travis Scott Featuring Young Thug & M.I.A.,Franchise,59,1,7
11/28/20,56,11/21/2020-11/27/2020,Chris Lane,"Big, Big Plans",64,56,6
11/28/20,57,11/21/2020-11/27/2020,Jack Harlow,Tyler Herro,54,34,3
11/28/20,58,11/21/2020-11/27/2020,Jon Pardi,Ain't Always The Cowboy,68,58,11
11/28/20,59,11/21/2020-11/27/2020,The Kid LAROI,So Done,97,59,3
11/28/20,60,11/21/2020-11/27/2020,Machine Gun Kelly X blackbear,My Ex's Best Friend,67,28,13
11/28/20,61,11/21/2020-11/27/2020,Jhene Aiko Featuring H.E.R.,B.S.,77,24,15
11/28/20,62,11/21/2020-11/27/2020,Jameson Rodgers,Some Girls,57,29,14
11/28/20,63,11/21/2020-11/27/2020,Morgan Wallen,7 Summers,72,6,13
11/28/20,64,11/21/2020-11/27/2020,DJ Khaled Featuring Drake,Popstar,62,3,17
11/28/20,65,11/21/2020-11/27/2020,NAV Featuring Lil Baby,Don't Need Friends,0,65,1
11/28/20,66,11/21/2020-11/27/2020,King Von Featuring Polo G,The Code,0,66,1
11/28/20,67,11/21/2020-11/27/2020,Money Man Featuring Lil Baby,24,66,49,13
11/28/20,68,11/21/2020-11/27/2020,Ne-Yo & Jeremih,U 2 Luv,74,66,6
11/28/20,69,11/21/2020-11/27/2020,BRS Kash,Throat Baby (Go Baby),87,69,4
11/28/20,70,11/21/2020-11/27/2020,Juice WRLD,Wishing Well,73,5,18
11/28/20,71,11/21/2020-11/27/2020,SZA Featuring Ty Dolla $ign,Hit Different,79,29,10
11/28/20,72,11/21/2020-11/27/2020,Polo G,Martin & Gina,81,61,15
11/28/20,73,11/21/2020-11/27/2020,Megan Thee Stallion Featuring Young Thug,Don't Stop,78,30,6
11/28/20,74,11/21/2020-11/27/2020,Niko Moon,Good Time,85,74,6
11/28/20,75,11/21/2020-11/27/2020,Lady A,Champagne Night,94,75,4
11/28/20,76,11/21/2020-11/27/2020,The Kid LAROI Featuring YoungBoy Never Brok Again & Internet Money,Tragic,0,76,1
11/28/20,77,11/21/2020-11/27/2020,King Von Featuring Lil Durk,All These N**gas,0,77,1
11/28/20,78,11/21/2020-11/27/2020,Harry Styles,Golden,86,74,4
11/28/20,79,11/21/2020-11/27/2020,Conan Gray,Heather,84,46,13
11/28/20,80,11/21/2020-11/27/2020,Ariana Grande Featuring Doja Cat,Motive,32,32,2
11/28/20,81,11/21/2020-11/27/2020,King Von Featuring Lil Durk,Crazy Story 2.0,0,81,1
11/28/20,82,11/21/2020-11/27/2020,Ritt Momney,Put Your Records On,89,79,6
11/28/20,83,11/21/2020-11/27/2020,The Kid LAROI,Always Do,0,83,1
11/28/20,84,11/21/2020-11/27/2020,NAV With Gunna,Young Wheezy,0,84,1
11/28/20,85,11/21/2020-11/27/2020,21 Savage & Metro Boomin,Runnin,83,9,6
11/28/20,86,11/21/2020-11/27/2020,Saweetie,Tap In,76,20,18
11/28/20,87,11/21/2020-11/27/2020,Kelsea Ballerini,Hole In The Bottle,95,87,5
11/28/20,88,11/21/2020-11/27/2020,DaBaby,Practice,88,86,3
11/28/20,89,11/21/2020-11/27/2020,DaBaby Featuring Young Thug,Blind,90,78,8
11/28/20,90,11/21/2020-11/27/2020,"Sech, Daddy Yankee & J Balvin Featuring ROSALIA & Farruko",Relacion,91,64,10
11/28/20,91,11/21/2020-11/27/2020,Kenny Chesney,Happy Does,96,85,4
11/28/20,92,11/21/2020-11/27/2020,YoungBoy Never Broke Again,Kacey Talk,93,50,13
11/28/20,93,11/21/2020-11/27/2020,Darius Rucker,Beers And Sunshine,0,93,1
11/28/20,94,11/21/2020-11/27/2020,Billie Eilish,Therefore I Am,0,94,1
11/28/20,95,11/21/2020-11/27/2020,Ariana Grande Featuring The Weeknd,Off The Table,35,35,2
11/28/20,96,11/21/2020-11/27/2020,Jason Derulo,Take You Dancing,100,96,2
11/28/20,97,11/21/2020-11/27/2020,CJ,Whoopty,0,97,1
11/28/20,98,11/21/2020-11/27/2020,Ariana Grande,Just Like Magic,43,43,2
11/28/20,99,11/21/2020-11/27/2020,The Kid LAROI Featuring Machine Gun Kelly,"F*ck You, Goodbye",0,99,1
11/28/20,100,11/21/2020-11/27/2020,Farruko,La Toxica,99,98,3